"Player","Pos","Team","Avg","W-1","W-2","W-3","W-4","W-5","W-6","W-7","W-8","W-9","W-10","W-11","W-12","W-13","W-14","W-15","W-16","W-17"
"Keenan Allen","WR","LAC","1.0105","1.045","0.976","","","","","","","","","","","","","","",""
"D.K. Metcalf","WR","SEA","0.992","0.984","1","","","","","","","","","","","","","","",""
"George Kittle","TE","SF","0.984","0.984","","","","","","","","","","","","","","","",""
"Ryan Izzo","TE","NE","0.978","0.984","0.972","","","","","","","","","","","","","","",""
"DeAndre Hopkins","WR","ARI","0.9565","0.939","0.974","","","","","","","","","","","","","","",""
"Evan Engram","TE","NYG","0.955","0.941","0.969","","","","","","","","","","","","","","",""
"Tyler Lockett","WR","SEA","0.9435","0.935","0.952","","","","","","","","","","","","","","",""
"Chris Godwin","WR","TB","0.943","0.943","","","","","","","","","","","","","","","",""
"Michael Gallup","WR","DAL","0.9365","0.958","0.915","","","","","","","","","","","","","","",""
"Terry McLaurin","WR","WAS","0.934","0.929","0.939","","","","","","","","","","","","","","",""
"Amari Cooper","WR","DAL","0.9295","0.944","0.915","","","","","","","","","","","","","","",""
"Adam Thielen","WR","MIN","0.9255","0.962","0.889","","","","","","","","","","","","","","",""
"John Brown","WR","BUF","0.9245","0.931","0.918","","","","","","","","","","","","","","",""
"Travis Kelce","TE","KC","0.9225","0.884","0.961","","","","","","","","","","","","","","",""
"Chris Hogan","WR","NYJ","0.9095","0.911","0.908","","","","","","","","","","","","","","",""
"Darren Waller","TE","LVR","0.907","0.889","0.925","","","","","","","","","","","","","","",""
"Marvin Jones","WR","DET","0.904","0.91","0.898","","","","","","","","","","","","","","",""
"Ezekiel Elliott","RB","DAL","0.901","0.875","0.927","","","","","","","","","","","","","","",""
"Mike Evans","WR","TB","0.899","0.929","0.869","","","","","","","","","","","","","","",""
"Zach Ertz","TE","PHI","0.8985","0.853","0.944","","","","","","","","","","","","","","",""
"JuJu Smith-Schuster","WR","PIT","0.8835","0.859","0.908","","","","","","","","","","","","","","",""
"Mike Williams","WR","LAC","0.879","0.866","0.892","","","","","","","","","","","","","","",""
"D.J. Moore","WR","CAR","0.878","0.866","0.89","","","","","","","","","","","","","","",""
"Tyreek Hill","WR","KC","0.8755","0.855","0.896","","","","","","","","","","","","","","",""
"Austin Hooper","TE","CLE","0.875","0.767","0.983","","","","","","","","","","","","","","",""
"Darius Slayton","WR","NYG","0.8725","0.853","0.892","","","","","","","","","","","","","","",""
"Tyler Higbee","TE","LAR","0.8725","0.89","0.855","","","","","","","","","","","","","","",""
"Steven Sims","WR","WAS","0.869","0.829","0.909","","","","","","","","","","","","","","",""
"Damiere Byrd","WR","NE","0.868","0.875","0.861","","","","","","","","","","","","","","",""
"Hunter Henry","TE","LAC","0.868","0.881","0.855","","","","","","","","","","","","","","",""
"Stefon Diggs","WR","BUF","0.865","0.943","0.787","","","","","","","","","","","","","","",""
"Preston Williams","WR","MIA","0.858","0.903","0.813","","","","","","","","","","","","","","",""
"Jamison Crowder","WR","NYJ","0.857","0.857","","","","","","","","","","","","","","","",""
"Allen Lazard","WR","GB","0.854","0.872","0.836","","","","","","","","","","","","","","",""
"Cooper Kupp","WR","LAR","0.852","0.849","0.855","","","","","","","","","","","","","","",""
"Jordan Akins","TE","HOU","0.852","0.873","0.831","","","","","","","","","","","","","","",""
"Calvin Ridley","WR","ATL","0.8505","0.861","0.84","","","","","","","","","","","","","","",""
"Robert Woods","WR","LAR","0.8455","0.836","0.855","","","","","","","","","","","","","","",""
"Diontae Johnson","WR","PIT","0.845","0.859","0.831","","","","","","","","","","","","","","",""
"Dallas Goedert","TE","PHI","0.8405","0.794","0.887","","","","","","","","","","","","","","",""
"Kendrick Bourne","WR","SF","0.8285","0.919","0.738","","","","","","","","","","","","","","",""
"Tyler Boyd","WR","CIN","0.8285","0.809","0.848","","","","","","","","","","","","","","",""
"Logan Thomas","TE","WAS","0.826","0.743","0.909","","","","","","","","","","","","","","",""
"CeeDee Lamb","WR","DAL","0.824","0.819","0.829","","","","","","","","","","","","","","",""
"N'Keal Harry","WR","NE","0.822","0.797","0.847","","","","","","","","","","","","","","",""
"Corey Davis","WR","TEN","0.8175","0.815","0.82","","","","","","","","","","","","","","",""
"A.J. Brown","WR","TEN","0.815","0.815","","","","","","","","","","","","","","","",""
"Allen Robinson","WR","CHI","0.815","0.815","0.815","","","","","","","","","","","","","","",""
"DJ Chark","WR","JAC","0.8135","0.84","0.787","","","","","","","","","","","","","","",""
"Michael Thomas","WR","NO","0.809","0.809","","","","","","","","","","","","","","","",""
"Christian McCaffrey","RB","CAR","0.807","0.97","0.644","","","","","","","","","","","","","","",""
"Jonnu Smith","TE","TEN","0.8065","0.728","0.885","","","","","","","","","","","","","","",""
"Julio Jones","WR","ATL","0.805","0.823","0.787","","","","","","","","","","","","","","",""
"Larry Fitzgerald","WR","ARI","0.7925","0.793","0.792","","","","","","","","","","","","","","",""
"Robby Anderson","WR","CAR","0.7805","0.821","0.74","","","","","","","","","","","","","","",""
"Miles Sanders","RB","PHI","0.775","","0.775","","","","","","","","","","","","","","",""
"Tre'Quan Smith","WR","NO","0.765","0.647","0.883","","","","","","","","","","","","","","",""
"Russell Gage","WR","ATL","0.7615","0.696","0.827","","","","","","","","","","","","","","",""
"Noah Fant","TE","DEN","0.7605","0.729","0.792","","","","","","","","","","","","","","",""
"Randall Cobb","WR","HOU","0.757","0.836","0.678","","","","","","","","","","","","","","",""
"Tim Patrick","WR","DEN","0.748","0.847","0.649","","","","","","","","","","","","","","",""
"Will Fuller","WR","HOU","0.741","0.855","0.627","","","","","","","","","","","","","","",""
"Derrick Henry","RB","TEN","0.737","0.753","0.721","","","","","","","","","","","","","","",""
"Brandin Cooks","WR","HOU","0.731","0.564","0.898","","","","","","","","","","","","","","",""
"Jack Doyle","TE","IND","0.73","0.73","","","","","","","","","","","","","","","",""
"Rob Gronkowski","TE","TB","0.73","0.771","0.689","","","","","","","","","","","","","","",""
"Quintez Cephus","WR","DET","0.728","0.795","0.661","","","","","","","","","","","","","","",""
"Chris Herndon","TE","NYJ","0.726","0.714","0.738","","","","","","","","","","","","","","",""
"Nick Boyle","TE","BAL","0.723","0.661","0.785","","","","","","","","","","","","","","",""
"Curtis Samuel","WR","CAR","0.7225","0.746","0.699","","","","","","","","","","","","","","",""
"Michael Pittman Jr.","WR","IND","0.7225","0.527","0.918","","","","","","","","","","","","","","",""
"Brandon Aiyuk","WR","SF","0.721","","0.721","","","","","","","","","","","","","","",""
"Josh Jacobs","RB","LVR","0.7205","0.778","0.663","","","","","","","","","","","","","","",""
"Hayden Hurst","TE","ATL","0.719","0.785","0.653","","","","","","","","","","","","","","",""
"Jalen Reagor","WR","PHI","0.7165","0.588","0.845","","","","","","","","","","","","","","",""
"Zach Pascal","WR","IND","0.715","0.622","0.808","","","","","","","","","","","","","","",""
"Odell Beckham","WR","CLE","0.7125","0.753","0.672","","","","","","","","","","","","","","",""
"Melvin Gordon","RB","DEN","0.7095","0.627","0.792","","","","","","","","","","","","","","",""
"Davante Adams","WR","GB","0.709","0.897","0.521","","","","","","","","","","","","","","",""
"Miles Boykin","WR","BAL","0.708","0.678","0.738","","","","","","","","","","","","","","",""
"Jimmy Graham","TE","CHI","0.7075","0.8","0.615","","","","","","","","","","","","","","",""
"Olabisi Johnson","WR","MIN","0.7065","0.635","0.778","","","","","","","","","","","","","","",""
"Eric Ebron","TE","PIT","0.697","0.625","0.769","","","","","","","","","","","","","","",""
"Dalton Schultz","TE","DAL","0.6945","0.694","0.695","","","","","","","","","","","","","","",""
"Isaiah Ford","WR","MIA","0.691","0.742","0.64","","","","","","","","","","","","","","",""
"Sammy Watkins","WR","KC","0.6905","0.797","0.584","","","","","","","","","","","","","","",""
"Christian Kirk","WR","ARI","0.689","0.768","0.61","","","","","","","","","","","","","","",""
"Greg Olsen","TE","SEA","0.6875","0.661","0.714","","","","","","","","","","","","","","",""
"Dalvin Cook","RB","MIN","0.6865","0.577","0.796","","","","","","","","","","","","","","",""
"T.Y. Hilton","WR","IND","0.686","0.797","0.575","","","","","","","","","","","","","","",""
"Bryan Edwards","WR","LVR","0.6795","0.746","0.613","","","","","","","","","","","","","","",""
"Kenyan Drake","RB","ARI","0.678","0.707","0.649","","","","","","","","","","","","","","",""
"Alvin Kamara","RB","NO","0.6725","0.662","0.683","","","","","","","","","","","","","","",""
"Keelan Cole","WR","JAC","0.67","0.66","0.68","","","","","","","","","","","","","","",""
"T.J. Hockenson","TE","DET","0.668","0.641","0.695","","","","","","","","","","","","","","",""
"DeSean Jackson","WR","PHI","0.6595","0.544","0.775","","","","","","","","","","","","","","",""
"Kyle Rudolph","TE","MIN","0.6595","0.615","0.704","","","","","","","","","","","","","","",""
"Jerry Jeudy","WR","DEN","0.6585","0.746","0.571","","","","","","","","","","","","","","",""
"Jarvis Landry","WR","CLE","0.6575","0.712","0.603","","","","","","","","","","","","","","",""
"Austin Ekeler","RB","LAC","0.656","0.746","0.566","","","","","","","","","","","","","","",""
"Breshad Perriman","WR","NYJ","0.654","1","0.308","","","","","","","","","","","","","","",""
"Cole Beasley","WR","BUF","0.652","0.632","0.672","","","","","","","","","","","","","","",""
"Marquise Brown","WR","BAL","0.652","0.627","0.677","","","","","","","","","","","","","","",""
"Tee Higgins","WR","CIN","0.652","","0.652","","","","","","","","","","","","","","",""
"Scott Miller","WR","TB","0.6515","0.614","0.689","","","","","","","","","","","","","","",""
"Julian Edelman","WR","NE","0.65","0.578","0.722","","","","","","","","","","","","","","",""
"Jared Cook","TE","NO","0.6485","0.647","0.65","","","","","","","","","","","","","","",""
"Mark Andrews","TE","BAL","0.6485","0.712","0.585","","","","","","","","","","","","","","",""
"Willie Snead","WR","BAL","0.646","0.661","0.631","","","","","","","","","","","","","","",""
"Clyde Edwards-Helaire","RB","KC","0.645","0.667","0.623","","","","","","","","","","","","","","",""
"A.J. Green","WR","CIN","0.641","0.662","0.62","","","","","","","","","","","","","","",""
"Myles Gaskin","RB","MIA","0.641","0.629","0.653","","","","","","","","","","","","","","",""
"Henry Ruggs III","WR","LVR","0.64","0.667","0.613","","","","","","","","","","","","","","",""
"Dan Arnold","WR","ARI","0.638","0.549","0.727","","","","","","","","","","","","","","",""
"Mike Gesicki","TE","MIA","0.6365","0.726","0.547","","","","","","","","","","","","","","",""
"Emmanuel Sanders","WR","NO","0.634","0.485","0.783","","","","","","","","","","","","","","",""
"DeVante Parker","WR","MIA","0.6255","0.371","0.88","","","","","","","","","","","","","","",""
"KJ Hamler","WR","DEN","0.623","","0.623","","","","","","","","","","","","","","",""
"Irv Smith Jr.","TE","MIN","0.622","0.596","0.648","","","","","","","","","","","","","","",""
"DaeSean Hamilton","WR","DEN","0.6195","0.797","0.442","","","","","","","","","","","","","","",""
"C.J. Uzomah","TE","CIN","0.616","0.721","0.511","","","","","","","","","","","","","","",""
"Jalen Guyton","WR","LAC","0.6155","0.701","0.53","","","","","","","","","","","","","","",""
"Golden Tate","WR","NYG","0.615","","0.615","","","","","","","","","","","","","","",""
"Justin Jefferson","WR","MIN","0.6145","0.692","0.537","","","","","","","","","","","","","","",""
"Robert Tonyan","TE","GB","0.609","0.615","0.603","","","","","","","","","","","","","","",""
"Ian Thomas","TE","CAR","0.6025","0.657","0.548","","","","","","","","","","","","","","",""
"Dontrelle Inman","WR","WAS","0.598","0.514","0.682","","","","","","","","","","","","","","",""
"Laviska Shenault Jr.","WR","JAC","0.5965","0.62","0.573","","","","","","","","","","","","","","",""
"James Robinson","RB","JAC","0.5935","0.68","0.507","","","","","","","","","","","","","","",""
"Marquez Valdes-Scantling","WR","GB","0.584","0.538","0.63","","","","","","","","","","","","","","",""
"Tyler Eifert","TE","JAC","0.58","0.56","0.6","","","","","","","","","","","","","","",""
"Vance McDonald","TE","PIT","0.574","0.594","0.554","","","","","","","","","","","","","","",""
"Devin Singletary","RB","BUF","0.5715","0.586","0.557","","","","","","","","","","","","","","",""
"Le'Veon Bell","RB","NYJ","0.571","0.571","","","","","","","","","","","","","","","",""
"John Ross","WR","CIN","0.571","0.838","0.304","","","","","","","","","","","","","","",""
"Malcolm Brown","RB","LAR","0.5695","0.603","0.536","","","","","","","","","","","","","","",""
"KhaDarel Hodge","WR","CLE","0.5585","0.548","0.569","","","","","","","","","","","","","","",""
"Josh Reynolds","WR","LAR","0.558","0.507","0.609","","","","","","","","","","","","","","",""
"Cameron Batson","WR","TEN","0.557","","0.557","","","","","","","","","","","","","","",""
"Danny Amendola","WR","DET","0.555","0.551","0.559","","","","","","","","","","","","","","",""
"Demarcus Robinson","WR","KC","0.5505","0.478","0.623","","","","","","","","","","","","","","",""
"Adam Humphries","WR","TEN","0.55","0.543","0.557","","","","","","","","","","","","","","",""
"Nick Chubb","RB","CLE","0.55","0.479","0.621","","","","","","","","","","","","","","",""
"Todd Gurley","RB","ATL","0.548","0.456","0.64","","","","","","","","","","","","","","",""
"Joe Mixon","RB","CIN","0.544","0.588","0.5","","","","","","","","","","","","","","",""
"Chris Carson","RB","SEA","0.5435","0.452","0.635","","","","","","","","","","","","","","",""
"O.J. Howard","TE","TB","0.543","0.529","0.557","","","","","","","","","","","","","","",""
"Mo Alie-Cox","TE","IND","0.5315","0.392","0.671","","","","","","","","","","","","","","",""
"Kyle Juszczyk","RB","SF","0.528","0.581","0.475","","","","","","","","","","","","","","",""
"James Washington","WR","PIT","0.5275","0.578","0.477","","","","","","","","","","","","","","",""
"Maxx Williams","TE","ARI","0.524","0.524","","","","","","","","","","","","","","","",""
"Justin Watson","WR","TB","0.521","0.157","0.885","","","","","","","","","","","","","","",""
"David Moore","WR","SEA","0.52","0.532","0.508","","","","","","","","","","","","","","",""
"Chris Manhertz","TE","CAR","0.515","0.537","0.493","","","","","","","","","","","","","","",""
"Jonathan Taylor","RB","IND","0.511","0.351","0.671","","","","","","","","","","","","","","",""
"Aaron Jones","RB","GB","0.5085","0.538","0.479","","","","","","","","","","","","","","",""
"Sterling Shepard","WR","NYG","0.505","0.779","0.231","","","","","","","","","","","","","","",""
"Jesse James","TE","DET","0.504","0.5","0.508","","","","","","","","","","","","","","",""
"Dawson Knox","TE","BUF","0.5025","0.644","0.361","","","","","","","","","","","","","","",""
"Rex Burkhead","RB","NE","0.5025","0.297","0.708","","","","","","","","","","","","","","",""
"James Conner","RB","PIT","0.5015","0.234","0.769","","","","","","","","","","","","","","",""
"Saquon Barkley","RB","NYG","0.4955","0.868","0.123","","","","","","","","","","","","","","",""
"David Montgomery","RB","CHI","0.492","0.446","0.538","","","","","","","","","","","","","","",""
"Hunter Renfrow","WR","LVR","0.488","0.476","0.5","","","","","","","","","","","","","","",""
"Dion Lewis","RB","NYG","0.4825","0.088","0.877","","","","","","","","","","","","","","",""
"Demetrius Harris","TE","CHI","0.477","0.4","0.554","","","","","","","","","","","","","","",""
"Harrison Bryant","TE","CLE","0.471","0.425","0.517","","","","","","","","","","","","","","",""
"Drew Sample","TE","CIN","0.47","0.353","0.587","","","","","","","","","","","","","","",""
"Mecole Hardman","WR","KC","0.4695","0.29","0.649","","","","","","","","","","","","","","",""
"Darnell Mooney","WR","CHI","0.4615","0.323","0.6","","","","","","","","","","","","","","",""
"Antonio Gibson","WR","WAS","0.4545","0.257","0.652","","","","","","","","","","","","","","",""
"Zack Moss","RB","BUF","0.4535","0.448","0.459","","","","","","","","","","","","","","",""
"Kaden Smith","TE","NYG","0.4515","0.426","0.477","","","","","","","","","","","","","","",""
"Josh Hill","TE","NO","0.448","0.529","0.367","","","","","","","","","","","","","","",""
"Will Dissly","TE","SEA","0.4475","0.403","0.492","","","","","","","","","","","","","","",""
"Dante Pettis","WR","SF","0.445","0.726","0.164","","","","","","","","","","","","","","",""
"J.D. McKissic","RB","WAS","0.441","0.443","0.439","","","","","","","","","","","","","","",""
"Kenny Stills","WR","HOU","0.4375","0.4","0.475","","","","","","","","","","","","","","",""
"James O'Shaughnessy","TE","JAC","0.4335","0.4","0.467","","","","","","","","","","","","","","",""
"Darren Fells","TE","HOU","0.431","0.455","0.407","","","","","","","","","","","","","","",""
"Marcedes Lewis","TE","GB","0.431","0.41","0.452","","","","","","","","","","","","","","",""
"Gabriel Davis","WR","BUF","0.4275","0.494","0.361","","","","","","","","","","","","","","",""
"Parris Campbell","WR","IND","0.4255","0.824","0.027","","","","","","","","","","","","","","",""
"Kareem Hunt","RB","CLE","0.419","0.493","0.345","","","","","","","","","","","","","","",""
"Van Jefferson","WR","LAR","0.4145","0.452","0.377","","","","","","","","","","","","","","",""
"Jamaal Williams","RB","GB","0.411","0.397","0.425","","","","","","","","","","","","","","",""
"Frank Gore","RB","NYJ","0.4095","0.25","0.569","","","","","","","","","","","","","","",""
"Anthony Miller","WR","CHI","0.4075","0.415","0.4","","","","","","","","","","","","","","",""
"Ronald Jones","RB","TB","0.4075","0.471","0.344","","","","","","","","","","","","","","",""
"Raheem Mostert","RB","SF","0.405","0.597","0.213","","","","","","","","","","","","","","",""
"Courtland Sutton","WR","DEN","0.403","","0.403","","","","","","","","","","","","","","",""
"Javon Wims","WR","CHI","0.4","0.354","0.446","","","","","","","","","","","","","","",""
"Trent Taylor","WR","SF","0.399","0.339","0.459","","","","","","","","","","","","","","",""
"Joshua Kelley","RB","LAC","0.3935","0.269","0.518","","","","","","","","","","","","","","",""
"Tarik Cohen","RB","CHI","0.3925","0.462","0.323","","","","","","","","","","","","","","",""
"Virgil Green","TE","LAC","0.39","0.358","0.422","","","","","","","","","","","","","","",""
"D'Andre Swift","RB","DET","0.3875","0.436","0.339","","","","","","","","","","","","","","",""
"Chris Conley","WR","JAC","0.3865","0.32","0.453","","","","","","","","","","","","","","",""
"Mark Ingram","RB","BAL","0.3855","0.356","0.415","","","","","","","","","","","","","","",""
"Jason Witten","TE","LVR","0.3845","0.444","0.325","","","","","","","","","","","","","","",""
"Gerald Everett","TE","LAR","0.382","0.329","0.435","","","","","","","","","","","","","","",""
"Ross Dwelley","TE","SF","0.376","0.113","0.639","","","","","","","","","","","","","","",""
"Giovani Bernard","RB","CIN","0.3755","0.294","0.457","","","","","","","","","","","","","","",""
"Boston Scott","RB","PHI","0.371","0.559","0.183","","","","","","","","","","","","","","",""
"Ryan Griffin","TE","NYJ","0.368","0.321","0.415","","","","","","","","","","","","","","",""
"Darrell Daniels","TE","ARI","0.3645","0.171","0.558","","","","","","","","","","","","","","",""
"MyCole Pruitt","TE","TEN","0.3635","0.383","0.344","","","","","","","","","","","","","","",""
"Braxton Berrios","WR","NYJ","0.354","0","0.708","","","","","","","","","","","","","","",""
"Luke Stocker","TE","ATL","0.3515","0.316","0.387","","","","","","","","","","","","","","",""
"J.K. Dobbins","RB","BAL","0.349","0.39","0.308","","","","","","","","","","","","","","",""
"Blake Jarwin","TE","DAL","0.347","0.347","","","","","","","","","","","","","","","",""
"Chase Edmonds","RB","ARI","0.346","0.341","0.351","","","","","","","","","","","","","","",""
"Kalif Raymond","WR","TEN","0.3405","0.222","0.459","","","","","","","","","","","","","","",""
"Damion Ratley","WR","NYG","0.34","0.265","0.415","","","","","","","","","","","","","","",""
"Durham Smythe","TE","MIA","0.3385","0.21","0.467","","","","","","","","","","","","","","",""
"Cole Kmet","TE","CHI","0.338","","0.338","","","","","","","","","","","","","","",""
"Chase Claypool","WR","PIT","0.333","0.297","0.369","","","","","","","","","","","","","","",""
"Jakeem Grant","WR","MIA","0.3325","0.532","0.133","","","","","","","","","","","","","","",""
"Chris Thompson","RB","JAC","0.3265","0.24","0.413","","","","","","","","","","","","","","",""
"Nyheim Hines","RB","IND","0.325","0.527","0.123","","","","","","","","","","","","","","",""
"Josh Malone","WR","NYJ","0.323","0","0.646","","","","","","","","","","","","","","",""
"Phillip Lindsay","RB","DEN","0.322","0.322","","","","","","","","","","","","","","","",""
"JJ Arcega-Whiteside","WR","PHI","0.3185","0.412","0.225","","","","","","","","","","","","","","",""
"Anthony Firkser","TE","TEN","0.3125","0.395","0.23","","","","","","","","","","","","","","",""
"Greg Ward","WR","PHI","0.312","0.441","0.183","","","","","","","","","","","","","","",""
"Deonte Harris","WR","NO","0.31","0.103","0.517","","","","","","","","","","","","","","",""
"Jordan Reed","TE","SF","0.31","0.161","0.459","","","","","","","","","","","","","","",""
"Josiah Deguara","TE","GB","0.308","0.308","","","","","","","","","","","","","","","",""
"Benny Snell Jr.","RB","PIT","0.3035","0.453","0.154","","","","","","","","","","","","","","",""
"Latavius Murray","RB","NO","0.3025","0.338","0.267","","","","","","","","","","","","","","",""
"James White","RB","NE","0.297","0.297","","","","","","","","","","","","","","","",""
"Cyril Grayson","WR","TB","0.295","","0.295","","","","","","","","","","","","","","",""
"Foster Moreau","TE","LVR","0.295","0.19","0.4","","","","","","","","","","","","","","",""
"Tevin Coleman","RB","SF","0.2945","0.097","0.492","","","","","","","","","","","","","","",""
"Kerryon Johnson","RB","DET","0.289","0.256","0.322","","","","","","","","","","","","","","",""
"Carlos Hyde","RB","SEA","0.2885","0.339","0.238","","","","","","","","","","","","","","",""
"Nick Vannett","TE","DEN","0.285","0.271","0.299","","","","","","","","","","","","","","",""
"Mike Thomas","WR","CIN","0.2845","0.221","0.348","","","","","","","","","","","","","","",""
"Jakob Johnson","RB","NE","0.282","0.328","0.236","","","","","","","","","","","","","","",""
"Tyler Ervin","RB","GB","0.2815","0.179","0.384","","","","","","","","","","","","","","",""
"Adrian Peterson","RB","DET","0.281","0.308","0.254","","","","","","","","","","","","","","",""
"Gus Edwards","RB","BAL","0.281","0.254","0.308","","","","","","","","","","","","","","",""
"Leonard Fournette","RB","TB","0.2775","0.129","0.426","","","","","","","","","","","","","","",""
"Tyler Kroft","TE","BUF","0.277","0.046","0.508","","","","","","","","","","","","","","",""
"Alexander Mattison","RB","MIN","0.275","0.365","0.185","","","","","","","","","","","","","","",""
"LeSean McCoy","RB","TB","0.2685","0.357","0.18","","","","","","","","","","","","","","",""
"Levine Toilolo","TE","NYG","0.261","0.353","0.169","","","","","","","","","","","","","","",""
"Jerick McKinnon","RB","SF","0.2595","0.306","0.213","","","","","","","","","","","","","","",""
"Blake Bell","TE","DAL","0.2565","0.111","0.402","","","","","","","","","","","","","","",""
"Trevon Wesco","TE","NYJ","0.256","0.143","0.369","","","","","","","","","","","","","","",""
"Sony Michel","RB","NE","0.2525","0.297","0.208","","","","","","","","","","","","","","",""
"Andy Janovich","RB","CLE","0.251","0.123","0.379","","","","","","","","","","","","","","",""
"John Hightower","WR","PHI","0.248","0.397","0.099","","","","","","","","","","","","","","",""
"Marvin Hall","WR","DET","0.2465","0.205","0.288","","","","","","","","","","","","","","",""
"Jeremy Sprinkle","TE","WAS","0.2455","0.4","0.091","","","","","","","","","","","","","","",""
"Darrell Henderson","RB","LAR","0.244","0.068","0.42","","","","","","","","","","","","","","",""
"C.J. Board","WR","NYG","0.239","0.309","0.169","","","","","","","","","","","","","","",""
"Brian Hill","RB","ATL","0.233","0.266","0.2","","","","","","","","","","","","","","",""
"David Njoku","TE","CLE","0.233","0.233","","","","","","","","","","","","","","","",""
"Darrel Williams","RB","KC","0.2315","0.333","0.13","","","","","","","","","","","","","","",""
"Marcus Baugh","TE","WAS","0.227","","0.227","","","","","","","","","","","","","","",""
"C.J. Ham","RB","MIN","0.2265","0.231","0.222","","","","","","","","","","","","","","",""
"Freddie Swain","WR","SEA","0.224","0.258","0.19","","","","","","","","","","","","","","",""
"Auden Tate","WR","CIN","0.221","0.221","","","","","","","","","","","","","","","",""
"Matt Breida","RB","MIA","0.2195","0.226","0.213","","","","","","","","","","","","","","",""
"Alec Ingold","RB","LVR","0.219","0.238","0.2","","","","","","","","","","","","","","",""
"Peyton Barber","RB","WAS","0.2145","0.414","0.015","","","","","","","","","","","","","","",""
"Mohamed Sanu","WR","SF","0.213","","0.213","","","","","","","","","","","","","","",""
"Adam Shaheen","TE","MIA","0.2105","0.194","0.227","","","","","","","","","","","","","","",""
"Corey Clement","RB","PHI","0.205","0.368","0.042","","","","","","","","","","","","","","",""
"Daurice Fountain","WR","IND","0.205","","0.205","","","","","","","","","","","","","","",""
"Bruce Miller","RB","JAC","0.2035","0.22","0.187","","","","","","","","","","","","","","",""
"Ito Smith","RB","ATL","0.2","0.253","0.147","","","","","","","","","","","","","","",""
"Jaylen Samuels","RB","PIT","0.195","0.313","0.077","","","","","","","","","","","","","","",""
"Nelson Agholor","WR","LVR","0.189","0.19","0.188","","","","","","","","","","","","","","",""
"Mike Davis","RB","CAR","0.187","0.045","0.329","","","","","","","","","","","","","","",""
"Jace Sternberger","TE","GB","0.1865","0.154","0.219","","","","","","","","","","","","","","",""
"Cam Akers","RB","LAR","0.186","0.329","0.043","","","","","","","","","","","","","","",""
"Cordarrelle Patterson","WR","CHI","0.1845","0.154","0.215","","","","","","","","","","","","","","",""
"Zay Jones","WR","LVR","0.184","0.143","0.225","","","","","","","","","","","","","","",""
"Chandler Cox","RB","MIA","0.182","0.177","0.187","","","","","","","","","","","","","","",""
"Jake Butt","TE","DEN","0.181","0.271","0.091","","","","","","","","","","","","","","",""
"Andy Isabella","WR","ARI","0.1765","0.171","0.182","","","","","","","","","","","","","","",""
"Alex Armah","RB","CAR","0.176","0.119","0.233","","","","","","","","","","","","","","",""
"Olamide Zaccheaus","WR","ATL","0.176","0.139","0.213","","","","","","","","","","","","","","",""
"Jeremy McNichols","RB","TEN","0.17","0.16","0.18","","","","","","","","","","","","","","",""
"Travis Homer","RB","SEA","0.1685","0.21","0.127","","","","","","","","","","","","","","",""
"Seth Roberts","WR","CAR","0.1675","0.075","0.26","","","","","","","","","","","","","","",""
"Justin Jackson","RB","LAC","0.164","0.164","","","","","","","","","","","","","","","",""
"Jalen Richard","RB","LVR","0.162","0.111","0.213","","","","","","","","","","","","","","",""
"Richie James","WR","SF","0.161","0.161","","","","","","","","","","","","","","","",""
"Jacob Hollister","TE","SEA","0.16","0.177","0.143","","","","","","","","","","","","","","",""
"Khari Blasingame","RB","TEN","0.16","0.123","0.197","","","","","","","","","","","","","","",""
"Royce Freeman","RB","DEN","0.155","0.102","0.208","","","","","","","","","","","","","","",""
"Josh Adams","RB","NYJ","0.1545","0.232","0.077","","","","","","","","","","","","","","",""
"Rashard Higgins","WR","CLE","0.1525","0.219","0.086","","","","","","","","","","","","","","",""
"Tajae Sharpe","WR","MIN","0.151","0.135","0.167","","","","","","","","","","","","","","",""
"Isaiah McKenzie","WR","BUF","0.1495","0.184","0.115","","","","","","","","","","","","","","",""
"Marlon Mack","RB","IND","0.149","0.149","","","","","","","","","","","","","","","",""
"Collin Johnson","WR","JAC","0.1435","0.18","0.107","","","","","","","","","","","","","","",""
"Michael Burton","RB","NO","0.1415","0.25","0.033","","","","","","","","","","","","","","",""
"Devin Duvernay","WR","BAL","0.139","0.186","0.092","","","","","","","","","","","","","","",""
"La'Mical Perine","RB","NYJ","0.138","","0.138","","","","","","","","","","","","","","",""
"Adam Trautman","TE","NO","0.133","","0.133","","","","","","","","","","","","","","",""
"Devontae Booker","RB","LVR","0.1325","0.127","0.138","","","","","","","","","","","","","","",""
"David Johnson","RB","HOU","0.1275","0.255","0","","","","","","","","","","","","","","",""
"Jordan Howard","RB","MIA","0.126","0.145","0.107","","","","","","","","","","","","","","",""
"Anthony Sherman","RB","KC","0.125","0.159","0.091","","","","","","","","","","","","","","",""
"Jordan Wilkins","RB","IND","0.1235","0.014","0.233","","","","","","","","","","","","","","",""
"Kalen Ballage","RB","NYJ","0.123","","0.123","","","","","","","","","","","","","","",""
"Tony Pollard","RB","DAL","0.1185","0.139","0.098","","","","","","","","","","","","","","",""
"DeAndre Carter","WR","HOU","0.118","0.236","0","","","","","","","","","","","","","","",""
"Stephen Carlson","TE","CLE","0.1165","0.164","0.069","","","","","","","","","","","","","","",""
"Jakobi Meyers","WR","NE","0.11","0.109","0.111","","","","","","","","","","","","","","",""
"Derek Watt","RB","PIT","0.1085","0.125","0.092","","","","","","","","","","","","","","",""
"Stephen Anderson","TE","LAC","0.106","0.164","0.048","","","","","","","","","","","","","","",""
"Tyler Conklin","TE","MIN","0.105","0.154","0.056","","","","","","","","","","","","","","",""
"Christian Blake","WR","ATL","0.1045","0.089","0.12","","","","","","","","","","","","","","",""
"Darwin Thompson","RB","KC","0.0975","0","0.195","","","","","","","","","","","","","","",""
"Andrew Beck","TE","DEN","0.0965","0.102","0.091","","","","","","","","","","","","","","",""
"J.P. Holtz","TE","CHI","0.0925","0.077","0.108","","","","","","","","","","","","","","",""
"Byron Pringle","WR","KC","0.089","0.087","0.091","","","","","","","","","","","","","","",""
"Brandon Zylstra","WR","CAR","0.087","0.119","0.055","","","","","","","","","","","","","","",""
"Bennie Fowler","WR","NO","0.085","0.103","0.067","","","","","","","","","","","","","","",""
"Keke Coutee","WR","HOU","0.085","","0.085","","","","","","","","","","","","","","",""
"Tyrie Cleveland","WR","DEN","0.085","0.085","","","","","","","","","","","","","","","",""
"Cameron Brate","TE","TB","0.083","0.1","0.066","","","","","","","","","","","","","","",""
"AJ Dillon","RB","GB","0.08","0.064","0.096","","","","","","","","","","","","","","",""
"Ty Montgomery","RB","NO","0.0795","0.059","0.1","","","","","","","","","","","","","","",""
"J.J. Taylor","RB","NE","0.0775","0.141","0.014","","","","","","","","","","","","","","",""
"Antonio Gandy-Golden","WR","WAS","0.076","","0.076","","","","","","","","","","","","","","",""
"Johnny Mundt","TE","LAR","0.0755","0.137","0.014","","","","","","","","","","","","","","",""
"Alex Erickson","WR","CIN","0.073","0.059","0.087","","","","","","","","","","","","","","",""
"Diontae Spencer","WR","DEN","0.0705","0.102","0.039","","","","","","","","","","","","","","",""
"Noah Brown","WR","DAL","0.07","0.042","0.098","","","","","","","","","","","","","","",""
"Pharoh Cooper","WR","CAR","0.0635","0.045","0.082","","","","","","","","","","","","","","",""
"Jaeden Graham","TE","ATL","0.057","0.101","0.013","","","","","","","","","","","","","","",""
"Elijhaa Penny","RB","NYG","0.053","0.044","0.062","","","","","","","","","","","","","","",""
"Lynn Bowden Jr.","WR","MIA","0.053","","0.053","","","","","","","","","","","","","","",""
"Patrick Laird","RB","MIA","0.0525","0.065","0.04","","","","","","","","","","","","","","",""
"C.J. Prosise","RB","HOU","0.051","","0.051","","","","","","","","","","","","","","",""
"Cody Hollister","WR","TEN","0.049","0.049","","","","","","","","","","","","","","","",""
"Reggie Gilliam","TE","BUF","0.049","","0.049","","","","","","","","","","","","","","",""
"Cedrick Wilson","WR","DAL","0.0455","0.042","0.049","","","","","","","","","","","","","","",""
"Cethan Carter","TE","CIN","0.0455","0.015","0.076","","","","","","","","","","","","","","",""
"D'Ernest Johnson","RB","CLE","0.0445","0.055","0.034","","","","","","","","","","","","","","",""
"Trent Sherfield","WR","ARI","0.0445","0.024","0.065","","","","","","","","","","","","","","",""
"Wayne Gallman","RB","NYG","0.044","0.044","","","","","","","","","","","","","","","",""
"Ty Johnson","RB","DET","0.0425","0","0.085","","","","","","","","","","","","","","",""
"Ashton Dulin","WR","IND","0.041","0","0.082","","","","","","","","","","","","","","",""
"Jeff Wilson","RB","SF","0.041","0","0.082","","","","","","","","","","","","","","",""
"Jojo Natson","WR","CLE","0.0395","0.027","0.052","","","","","","","","","","","","","","",""
"Cam Sims","WR","WAS","0.0305","0","0.061","","","","","","","","","","","","","","",""
"Mack Hollins","WR","MIA","0.0305","0.048","0.013","","","","","","","","","","","","","","",""
"Ryan Nall","RB","CHI","0.0305","0.015","0.046","","","","","","","","","","","","","","",""
"Eric Tomlinson","TE","NYG","0.029","0.029","","","","","","","","","","","","","","","",""
"Ameer Abdullah","RB","MIN","0.0285","0.038","0.019","","","","","","","","","","","","","","",""
"Joe Reed","WR","LAC","0.024","","0.024","","","","","","","","","","","","","","",""
"Senorise Perry","RB","TEN","0.0165","0","0.033","","","","","","","","","","","","","","",""
"Jason Huntley","RB","PHI","0.015","0.015","","","","","","","","","","","","","","","",""
"Richard Rodgers","TE","PHI","0.0145","0.029","0","","","","","","","","","","","","","","",""
"Jordan Thomas","TE","ARI","0.013","","0.013","","","","","","","","","","","","","","",""
"Brandon Powell","WR","ATL","0.0125","0.025","0","","","","","","","","","","","","","","",""
"Luke Willson","TE","SEA","0.008","0.016","0","","","","","","","","","","","","","","",""
"Matthew Slater","WR","NE","0.008","0.016","0","","","","","","","","","","","","","","",""
"Antony Auclair","TE","TB","0","0","","","","","","","","","","","","","","","",""
"C.J. Goodwin","WR","DAL","0","0","0","","","","","","","","","","","","","","",""
"Clark Harris","TE","CIN","0","0","0","","","","","","","","","","","","","","",""
"Cullen Gillaspia","RB","HOU","0","","0","","","","","","","","","","","","","","",""
"Daniel Brown","TE","NYJ","0","0","0","","","","","","","","","","","","","","",""
"Dare Ogunbowale","RB","JAC","0","","0","","","","","","","","","","","","","","",""
"Derek Carrier","WR","LVR","0","0","0","","","","","","","","","","","","","","",""
"D.J. Foster","RB","ARI","0","0","0","","","","","","","","","","","","","","",""
"Duke Johnson","RB","HOU","0","0","","","","","","","","","","","","","","","",""
"Gregory Howell","RB","HOU","0","0","0","","","","","","","","","","","","","","",""
"Jaydon Mickens","WR","TB","0","0","0","","","","","","","","","","","","","","",""
"Justin Hardee","WR","NO","0","0","0","","","","","","","","","","","","","","",""
"Kahale Warring","TE","HOU","0","0","","","","","","","","","","","","","","","",""
"Malik Turner","WR","DAL","0","0","0","","","","","","","","","","","","","","",""
"Marcus Kemp","WR","KC","0","0","0","","","","","","","","","","","","","","",""
"Mike Boone","RB","MIN","0","0","0","","","","","","","","","","","","","","",""
"Nsimba Webster","WR","LAR","0","0","0","","","","","","","","","","","","","","",""
"Ray-Ray McCloud","WR","PIT","0","0","0","","","","","","","","","","","","","","",""
"Samaje Perine","RB","CIN","0","0","0","","","","","","","","","","","","","","",""
"Tanner Hudson","TE","TB","0","","0","","","","","","","","","","","","","","",""
"Trenton Cannon","RB","CAR","0","0","0","","","","","","","","","","","","","","",""