Player,Team,POS,Draft Year,GP,TM TAR,TM PA ATT,TM OPP,TM Snaps,TM Air YDs,Snaps,Snap %,OPP Share,Weight OPP,Pass Comp,Pass ATT,Pass Yards,Pass TDs,Pass INT,Comp %,TD Rate,Yards/ ATT,AY/A,Passing Air Yards,Completed Air Yards,aDOT,QB Rating,CPOE,Rush ATT,Rush Yards,Rush TDs,TD Rate,YPC,Evaded Tackles,Big Runs,Juke Rate,GL ATT,FUM,REC,Targets,Target Share,RZ Targets,Catch Rate,Routes,Yards/ Route,REC Yards,Yards/REC,Yards/ Target,Air Yards/ Target,REC TDs,TD Rate,YDs/TM Pass ATT,Air Yards,Air Yards MS,WOPR,RACR,YAC,Touches,SCRIM Yards,SCRIM TDs,SCRIM YDs/Play,Fantasy Points,FPOE,PPR Rank
Aaron Jones,GB,RB,2017,0,0,0,0,0,0,0,-,-,0.0,0,0,0,0,0,-,-,-,-,0,0,-,0.0,0.00,0,0,0,-,-,0,0,-,0,0,0,0,-,0,-,0,-,0,-,-,-,0,-,-,0,-,-,-,0,0,0,0,-,0.0,0.0,-
Aaron Rodgers,GB,QB,2005,1,39,41,30,75,311,75,100.0%,-,-,27,41,291,3,0,65.9%,7.3%,7.1,8.6,311,161,7.6,110.9,4.1,2,9,0,0.0%,4.5,-,-,-,-,1,0,0,0.0%,-,-,-,-,0,-,-,-,0,-,0.00,0,0.0%,0.00,-,0,2,9,0,0.12,22.5,5.1,3
Adam Humphries,TEN,WR,2015,1,29,30,30,62,259,12,19.4%,-,-,0,0,0,0,0,-,-,-,-,0,0,-,0.0,0.00,0,0,0,-,-,-,-,-,-,0,0,2,6.9%,0,0%,0,-,0,-,0.0,20.5,0,-,0.00,41,15.8%,0.21,0.00,0,0,0,0,0.00,0.0,-3.6,81
Adam Shaheen,MIA,TE,2017,1,22,22,30,49,118,16,32.7%,-,-,0,0,0,0,0,-,-,-,-,0,0,-,0.0,0.00,0,0,0,-,-,-,-,-,-,0,0,1,4.5%,0,0%,0,-,0,-,0.0,-2.0,0,-,0.00,-2,-1.7%,0.06,0.00,0,0,0,0,0.00,0.0,-1.6,35
Adam Thielen,MIN,WR,2013,1,14,14,37,52,25,47,90.4%,-,-,0,0,0,0,0,-,-,-,-,0,0,-,0.0,0.00,0,0,0,-,-,-,-,-,-,0,3,4,28.6%,0,75%,0,-,27,9.0,6.8,2.0,0,0.0%,1.93,8,32.0%,0.65,3.38,15,3,27,0,0.52,5.7,-0.3,59
Adrian Peterson,DET,RB,2007,1,40,42,19,61,398,12,19.7%,31.6%,4.5,0,0,0,0,0,-,-,-,-,0,0,-,0.0,0.00,5,7,0,0.0%,1.4,0,0,0.0%,0,0,1,1,2.5%,0,100%,0,-,5,5.0,5.0,0.0,0,0.0%,0.12,0,0.0%,0.04,-,5,6,12,0,0.20,2.2,-1.7,55
AJ Brown,TEN,WR,2019,1,29,30,30,62,259,59,95.2%,-,-,0,0,0,0,0,-,-,-,-,0,0,-,0.0,0.00,0,0,0,-,-,-,-,-,-,0,4,7,24.1%,0,57%,0,-,24,6.0,3.4,3.4,1,25.0%,0.80,24,9.3%,0.43,1.00,19,4,24,1,0.39,12.4,-1.1,34
AJ Dillon,GB,RB,2020,1,39,41,30,75,311,10,13.3%,20.0%,4.5,0,0,0,0,0,-,-,-,-,0,0,-,0.0,0.00,5,21,0,0.0%,4.2,0,0,0.0%,0,0,1,1,2.6%,0,100%,0,-,16,16.0,16.0,1.0,0,0.0%,0.39,1,0.3%,0.04,16.00,15,6,37,0,0.49,4.7,0.9,47
AJ Green,CIN,WR,2011,1,35,37,34,73,225,62,84.9%,-,-,0,0,0,0,0,-,-,-,-,0,0,-,0.0,0.00,0,0,0,-,-,-,-,-,-,0,2,5,14.3%,0,40%,0,-,19,9.5,3.8,8.2,0,0.0%,0.51,41,18.2%,0.34,0.46,7,2,19,0,0.26,3.9,-4.5,68
Alex Smith,WAS,QB,2005,0,0,0,0,0,0,0,-,-,-,0,0,0,0,0,-,-,-,-,0,0,-,0.0,0.0,0,0,0,-,-,-,-,-,-,0,0,0,-,-,-,-,-,0,-,-,-,0,-,-,0,-,-,-,0,0,0,0,-,0.0,0.0,-
Alexander Mattison,MIN,RB,2019,1,14,14,37,52,25,5,9.6%,8.1%,1.7,0,0,0,0,0,-,-,-,-,0,0,-,0.0,0.00,3,8,0,0.0%,2.7,0,0,0.0%,0,0,0,0,0.0%,0,-,0,-,0,-,-,-,0,-,0.00,0,0.0%,0.00,-,0,3,8,0,0.15,0.8,-0.5,60
Allen Lazard,GB,WR,2018,0,0,0,0,0,0,0,-,-,-,0,0,0,0,0,-,-,-,-,0,0,-,0.0,0.00,0,0,0,-,-,-,-,-,-,0,0,0,-,0,-,0,-,0,-,-,-,0,-,-,0,-,-,-,0,0,0,0,-,0.0,0.0,-
Allen Robinson,CHI,WR,2014,1,41,41,27,70,326,68,97.1%,-,-,0,0,0,0,0,-,-,-,-,0,0,-,0.0,0.00,0,0,0,-,-,-,-,-,-,0,6,7,17.1%,0,86%,0,-,87,14.5,12.4,12.7,1,16.7%,2.12,89,27.3%,0.45,0.98,14,6,87,1,1.24,20.7,10.9,12
Alshon Jeffrey,PHI,WR,2012,0,0,0,0,0,0,0,-,-,-,0,0,0,0,0,-,-,-,-,0,0,-,0.0,0.00,0,0,0,-,-,-,-,-,-,0,0,0,-,-,-,-,-,0,-,-,-,0,-,-,0,-,-,-,0,0,0,0,-,0.0,0.0,-
Alvin Kamara,NO,RB,2017,1,41,41,35,74,190,58,78.4%,71.4%,27.6,0,0,0,0,0,-,-,-,-,0,0,-,0.0,0.00,12,67,0,0.0%,5.6,0,0,0.0%,0,0,9,13,31.7%,0,69%,0,-,96,10.7,7.4,0.0,0,0.0%,2.34,0,0.0%,0.48,-,92,21,163,0,2.20,25.3,2.4,2
Amari Cooper,DAL,WR,2015,1,38,40,33,79,0,59,74.7%,-,-,0,0,0,0,0,-,-,-,-,0,0,-,0.0,0.00,0,0,0,-,-,-,-,-,-,0,1,5,13.2%,0,20%,0,-,5,5.0,1.0,0.0,0,0.0%,0.13,0,-,-,-,0,1,5,0,0.06,1.5,0.0,79
Andy Dalton,DAL,QB,2011,0,0,0,0,0,0,0,-,-,-,0,0,0,0,0,-,-,-,-,0,0,-,0.0,0.0,0,0,0,-,-,-,-,-,-,0,0,0,-,-,-,-,-,0,-,-,-,0,-,-,0,-,-,-,0,0,0,0,-,0.0,0.0,-
Andy Isabella,ARI,WR,2019,0,0,0,0,0,0,0,-,-,-,0,0,0,0,0,-,-,-,-,0,0,-,0.0,0.00,0,0,0,-,-,-,-,-,-,0,0,0,-,0,-,0,-,0,-,-,-,0,-,-,0,-,-,-,0,0,0,0,-,0.0,0.0,-
Anthony Firkser,TEN,TE,2017,1,29,30,30,62,259,26,41.9%,-,-,0,0,0,0,0,-,-,-,-,0,0,-,0.0,0.00,0,0,0,-,-,-,-,-,-,0,2,3,10.3%,0,67%,0,-,36,18.0,12.0,8.3,0,0.0%,1.20,25,9.7%,0.22,1.44,16,2,36,0,0.58,5.6,1.0,20
Anthony McFarland,PIT,RB,2020,1,32,32,21,53,232,1,1.9%,4.8%,0.6,0,0,0,0,0,-,-,-,-,0,0,-,0.0,0.00,1,1,0,0.0%,1.0,0,0,0.0%,0,0,0,0,0.0%,0,-,0,-,0,-,-,-,0,-,0.00,0,0.0%,0.00,-,0,1,1,0,0.02,0.1,-0.4,63
Anthony Miller,CHI,WR,2018,1,41,41,27,70,326,53,75.7%,-,-,0,0,0,0,0,-,-,-,-,0,0,-,0.0,0.00,0,0,0,-,-,-,-,-,-,0,8,11,26.8%,0,73%,0,-,73,9.1,6.6,6.3,0,0.0%,1.78,69,21.2%,0.55,1.06,19,8,73,0,1.04,15.3,-1.4,24
Antonio Gandy-Golden,WAS,WR,2020,0,0,0,0,0,0,0,-,-,-,0,0,0,0,0,-,-,-,-,0,0,-,0.0,0.00,0,0,0,-,-,-,-,-,-,0,0,0,-,0,-,0,-,0,-,-,-,0,-,-,0,-,-,-,0,0,0,0,-,0.0,0.0,-
Antonio Gibson,WAS,RB,2020,0,0,0,0,0,0,0,-,-,0.0,0,0,0,0,0,-,-,-,-,0,0,-,0.0,0.00,0,0,0,-,-,0,0,-,0,0,0,0,-,0,-,0,-,0,-,-,-,0,-,-,0,-,-,-,0,0,0,0,-,0.0,0.0,-
Auden Tate,CIN,WR,2018,1,35,37,34,73,225,33,45.2%,-,-,0,0,0,0,0,-,-,-,-,0,0,-,0.0,0.00,0,0,0,-,-,-,-,-,-,0,7,7,20.0%,0,100%,0,-,65,9.3,9.3,5.4,0,0.0%,1.76,38,16.9%,0.42,1.71,27,7,65,0,0.89,13.5,2.7,30
Austin Ekeler,LAC,RB,2017,0,0,0,0,0,0,0,-,-,0.0,0,0,0,0,0,-,-,-,-,0,0,-,0.0,0.00,0,0,0,-,-,0,0,-,0,0,0,0,-,0,-,0,-,0,-,-,-,0,-,-,0,-,-,-,0,0,0,0,-,0.0,0.0,-
Austin Hooper,CLE,TE,2016,0,0,0,0,0,0,0,-,-,-,0,0,0,0,0,-,-,-,-,0,0,-,0.0,0.00,0,0,0,-,-,-,-,-,-,0,0,0,-,0,-,0,-,0,-,-,-,0,-,-,0,-,-,-,0,0,0,0,-,0.0,0.0,-
Baker Mayfield,CLE,QB,2018,1,25,25,21,49,109,49,100.0%,-,-,12,25,122,0,0,48.0%,0.0%,4.9,4.9,109,48,4.4,62.4,-22.7,6,29,0,0.0%,4.8,-,-,-,-,0,0,0,0.0%,-,-,-,-,0,-,-,-,0,-,0.00,0,0.0%,0.00,-,0,6,29,0,0.59,7.8,-4.4,25
Ben DiNucci,DAL,QB,2020,1,38,40,33,79,0,79,100.0%,-,-,21,40,180,0,0,52.5%,0.0%,4.5,4.5,0,0,0.0,64.6,-11.3,4,13,0,0.0%,3.3,-,-,-,-,2,0,0,0.0%,-,-,-,-,0,-,-,-,0,-,0.00,0,-,-,-,0,4,13,0,0.16,4.5,0.0,29
Ben Roethlisberger,PIT,QB,2004,1,32,32,21,53,232,53,100.0%,-,-,21,32,182,2,0,65.6%,6.3%,5.7,6.9,232,89,7.3,101.3,-2.6,0,0,0,-,-,-,-,-,-,0,0,0,0.0%,-,-,-,-,0,-,-,-,0,-,0.00,0,0.0%,0.00,-,0,0,0,0,0.00,15.3,2.7,17
Benny Snell,PIT,RB,2019,0,0,0,0,0,0,0,-,-,0.0,0,0,0,0,0,-,-,-,-,0,0,-,0.0,0.00,0,0,0,-,-,0,0,-,0,0,0,0,-,0,-,0,-,0,-,-,-,0,-,-,0,-,-,-,0,0,0,0,-,0.0,0.0,-
Blake Jarwin,DAL,TE,2017,0,0,0,0,0,0,0,-,-,-,0,0,0,0,0,-,-,-,-,0,0,-,0.0,0.00,0,0,0,-,-,-,-,-,-,0,0,0,-,0,-,0,-,0,-,-,-,0,-,-,0,-,-,-,0,0,0,0,-,0.0,0.0,-
Boston Scott,PHI,RB,2018,1,26,28,26,63,0,41,65.1%,65.4%,11.9,0,0,0,0,0,-,-,-,-,0,0,-,0.0,0.00,15,70,0,0.0%,4.7,0,0,0.0%,0,0,2,2,7.7%,0,100%,0,-,9,4.5,4.5,0.0,0,0.0%,0.32,0,-,-,-,0,17,79,0,1.25,9.9,0.0,26
Brandin Cooks,HOU,WR,2014,0,0,0,0,0,0,0,-,-,-,0,0,0,0,0,-,-,-,-,0,0,-,0.0,0.00,0,0,0,-,-,-,-,-,-,0,0,0,-,0,-,0,-,0,-,-,-,0,-,-,0,-,-,-,0,0,0,0,-,0.0,0.0,-
Brandon Aiyuk,SF,WR,2020,1,40,41,25,70,291,63,90.0%,-,-,0,0,0,0,0,-,-,-,-,0,0,-,0.0,0.00,0,0,0,-,-,-,-,-,-,0,8,11,27.5%,0,73%,0,-,91,11.4,8.3,8.5,1,12.5%,2.22,94,32.3%,0.64,0.97,24,8,91,1,1.30,23.1,1.2,6
Breshad Perriman,NYJ,WR,2015,0,0,0,0,0,0,0,-,-,-,0,0,0,0,0,-,-,-,-,0,0,-,0.0,0.00,0,0,0,-,-,-,-,-,-,0,0,0,-,0,-,0,-,0,-,-,-,0,-,-,0,-,-,-,0,0,0,0,-,0.0,0.0,-
Brett Rypien,DEN,QB,2019,0,0,0,0,0,0,0,-,-,-,0,0,0,0,0,-,-,-,-,0,0,-,0.0,0.0,0,0,0,-,-,-,-,-,-,0,0,0,-,-,-,-,-,0,-,-,-,0,-,-,0,-,-,-,0,0,0,0,-,0.0,0.0,-
Brian Hill,ATL,RB,2017,1,30,30,34,70,258,25,35.7%,41.2%,11.2,0,0,0,0,0,-,-,-,-,0,0,-,0.0,0.00,11,55,0,0.0%,5.0,0,0,0.0%,0,0,2,3,10.0%,0,67%,0,-,9,4.5,3.0,0.0,0,0.0%,0.30,0,0.0%,0.15,-,5,13,64,0,0.91,8.4,-0.2,31
Brian Hoyer,NE,QB,2011,0,0,0,0,0,0,0,-,-,-,0,0,0,0,0,-,-,-,-,0,0,-,0.0,0.0,0,0,0,-,-,-,-,-,-,0,0,0,-,-,-,-,-,0,-,-,-,0,-,-,0,-,-,-,0,0,0,0,-,0.0,0.0,-
Bryan Edwards,LV,WR,2020,0,0,0,0,0,0,0,-,-,-,0,0,0,0,0,-,-,-,-,0,0,-,0.0,0.00,0,0,0,-,-,-,-,-,-,0,0,0,-,0,-,0,-,0,-,-,-,0,-,-,0,-,-,-,0,0,0,0,-,0.0,0.0,-
Calvin Ridley,ATL,WR,2018,1,30,30,34,70,258,23,32.9%,-,-,0,0,0,0,0,-,-,-,-,0,0,-,0.0,0.00,0,0,0,-,-,-,-,-,-,0,3,4,13.3%,0,75%,0,-,42,14.0,10.5,13.5,0,0.0%,1.40,54,20.9%,0.35,0.78,11,3,42,0,0.60,7.2,1.0,53
Cam Akers,LAR,RB,2020,1,58,61,33,95,378,20,21.1%,30.3%,6.8,0,0,0,0,0,-,-,-,-,0,0,-,0.0,0.00,9,35,0,0.0%,3.9,0,0,0.0%,0,0,1,1,1.7%,0,100%,0,-,19,19.0,19.0,9.0,0,0.0%,0.31,9,2.4%,0.04,2.11,10,10,54,0,0.57,6.4,0.8,38
Cam Newton,NE,QB,2011,1,23,25,30,65,156,65,100.0%,-,-,15,25,174,0,0,60.0%,0.0%,7.0,7.0,156,95,6.2,81.1,-3.2,9,54,1,11.1%,6.0,-,-,-,-,1,0,0,0.0%,-,-,-,-,0,-,-,-,0,-,0.00,0,0.0%,0.00,-,0,9,54,1,0.83,16.4,3.6,15
Cameron Batson,TEN,WR,2018,0,0,0,0,0,0,0,-,-,-,0,0,0,0,0,-,-,-,-,0,0,-,0.0,0.00,0,0,0,-,-,-,-,-,-,0,0,0,-,0,-,0,-,0,-,-,-,0,-,-,0,-,-,-,0,0,0,0,-,0.0,0.0,-
Carlos Hyde,SEA,RB,2014,0,0,0,0,0,0,0,-,-,0.0,0,0,0,0,0,-,-,-,-,0,0,-,0.0,0.00,0,0,0,-,-,0,0,-,0,0,0,0,-,0,-,0,-,0,-,-,-,0,-,-,0,-,-,-,0,0,0,0,-,0.0,0.0,-
Carson Wentz,PHI,QB,2016,1,26,28,26,63,0,63,100.0%,-,-,15,27,123,2,2,55.6%,7.4%,4.6,2.7,0,0,0.0,61.2,-1.3,4,17,0,0.0%,4.3,-,-,-,-,2,0,0,0.0%,-,-,-,-,0,-,-,-,0,-,0.00,0,-,-,-,0,4,17,0,0.27,6.6,0.0,27
Cedrick Wilson,DAL,WR,2018,1,38,40,33,79,0,19,24.1%,-,-,0,0,0,0,0,-,-,-,-,0,0,-,0.0,0.00,2,-11,0,0.0%,-5.5,-,-,-,-,0,0,2,5.3%,-,0%,-,-,0,-,0.0,0.0,0,-,0.00,0,-,-,-,0,2,-11,0,-0.14,-1.1,0.0,97
CeeDee Lamb,DAL,WR,2020,1,38,40,33,79,0,37,46.8%,-,-,0,0,0,0,0,-,-,-,-,0,0,-,0.0,0.00,1,19,0,0.0%,19.0,-,-,-,-,0,4,5,13.2%,0,80%,0,-,27,6.8,5.4,0.0,0,0.0%,0.68,0,-,-,-,0,5,46,0,0.58,8.6,0.0,45
Chase Claypool,PIT,WR,2020,1,32,32,21,53,232,41,77.4%,-,-,0,0,0,0,0,-,-,-,-,0,0,-,0.0,0.00,0,0,0,-,-,-,-,-,-,1,5,9,28.1%,0,56%,0,-,42,8.4,4.7,10.6,1,20.0%,1.31,95,40.9%,0.71,0.44,7,5,42,1,0.79,13.2,-0.1,31
Chase Edmonds,ARI,RB,2018,0,0,0,0,0,0,0,-,-,0.0,0,0,0,0,0,-,-,-,-,0,0,-,0.0,0.00,0,0,0,-,-,0,0,-,0,0,0,0,-,0,-,0,-,0,-,-,-,0,-,-,0,-,-,-,0,0,0,0,-,0.0,0.0,-
Chris Carson,SEA,RB,2017,0,0,0,0,0,0,0,-,-,0.0,0,0,0,0,0,-,-,-,-,0,0,-,0.0,0.00,0,0,0,-,-,0,0,-,0,0,0,0,-,0,-,0,-,0,-,-,-,0,-,-,0,-,-,-,0,0,0,0,-,0.0,0.0,-
Chris Conley,JAC,WR,2015,0,0,0,0,0,0,0,-,-,-,0,0,0,0,0,-,-,-,-,0,0,-,0.0,0.00,0,0,0,-,-,-,-,-,-,0,0,0,-,0,-,0,-,0,-,-,-,0,-,-,0,-,-,-,0,0,0,0,-,0.0,0.0,-
Chris Godwin,TB,WR,2017,0,0,0,0,0,0,0,-,-,-,0,0,0,0,0,-,-,-,-,0,0,-,0.0,0.00,0,0,0,-,-,-,-,-,-,0,0,0,-,0,-,0,-,0,-,-,-,0,-,-,0,-,-,-,0,0,0,0,-,0.0,0.0,-
Chris Herndon,NYJ,TE,2018,1,28,30,24,57,194,40,70.2%,-,-,0,0,0,0,0,-,-,-,-,0,0,-,0.0,0.00,0,0,0,-,-,-,-,-,-,1,1,2,7.1%,0,50%,0,-,3,3.0,1.5,5.5,0,0.0%,0.10,11,5.7%,0.15,0.27,6,1,3,0,0.05,-0.7,-1.9,40
Chris Hogan,NYJ,WR,2011,0,0,0,0,0,0,0,-,-,-,0,0,0,0,0,-,-,-,-,0,0,-,0.0,0.00,0,0,0,-,-,-,-,-,-,0,0,0,-,0,-,0,-,0,-,-,-,0,-,-,0,-,-,-,0,0,0,0,-,0.0,0.0,-
Chris Thompson,JAC,RB,2013,0,0,0,0,0,0,0,-,-,0.0,0,0,0,0,0,-,-,-,-,0,0,-,0.0,0.00,0,0,0,-,-,0,0,-,0,0,0,0,-,0,-,0,-,0,-,-,-,0,-,-,0,-,-,-,0,0,0,0,-,0.0,0.0,-
Christian Kirk,ARI,WR,2018,0,0,0,0,0,0,0,-,-,-,0,0,0,0,0,-,-,-,-,0,0,-,0.0,0.00,0,0,0,-,-,-,-,-,-,0,0,0,-,0,-,0,-,0,-,-,-,0,-,-,0,-,-,-,0,0,0,0,-,0.0,0.0,-
Christian McCaffrey,CAR,RB,2017,0,0,0,0,0,0,0,-,-,0.0,0,0,0,0,0,-,-,-,-,0,0,-,0.0,0.00,0,0,0,-,-,0,0,-,0,0,0,0,-,0,-,0,-,0,-,-,-,0,-,-,0,-,-,-,0,0,0,0,-,0.0,0.0,-
CJ Beathard,SF,QB,2017,0,0,0,0,0,0,0,-,-,-,0,0,0,0,0,-,-,-,-,0,0,-,0.0,0.0,0,0,0,-,-,-,-,-,-,0,0,0,-,-,-,-,-,0,-,-,-,0,-,-,0,-,-,-,0,0,0,0,-,0.0,0.0,-
CJ Board,NYG,WR,2017,0,0,0,0,0,0,0,-,-,-,0,0,0,0,0,-,-,-,-,0,0,-,0.0,0.00,0,0,0,-,-,-,-,-,-,0,0,0,-,0,-,0,-,0,-,-,-,0,-,-,0,-,-,-,0,0,0,0,-,0.0,0.0,-
CJ Uzomah,CIN,TE,2015,0,0,0,0,0,0,0,-,-,-,0,0,0,0,0,-,-,-,-,0,0,-,0.0,0.00,0,0,0,-,-,-,-,-,-,0,0,0,-,0,-,0,-,0,-,-,-,0,-,-,0,-,-,-,0,0,0,0,-,0.0,0.0,-
Clyde Edwards-Helaire,KC,RB,2020,1,47,47,27,66,338,33,50.0%,33.3%,8.3,0,0,0,0,0,-,-,-,-,0,0,-,0.0,0.00,6,21,0,0.0%,3.5,0,0,0.0%,0,0,3,3,6.4%,0,100%,0,-,10,3.3,3.3,-0.7,0,0.0%,0.21,-2,-0.6%,0.09,-5.00,12,9,31,0,0.47,6.1,-1.8,40
Cole Beasley,BUF,WR,2012,1,18,18,30,58,179,36,62.1%,-,-,0,0,0,0,0,-,-,-,-,0,0,-,0.0,0.00,0,0,0,-,-,-,-,-,-,0,2,2,11.1%,0,100%,0,-,24,12.0,12.0,3.5,0,0.0%,1.33,7,3.9%,0.19,3.43,17,2,24,0,0.41,4.4,1.7,65
Cole Kmet,CHI,TE,2020,1,41,41,27,70,326,30,42.9%,-,-,0,0,0,0,0,-,-,-,-,0,0,-,0.0,0.00,0,0,0,-,-,-,-,-,-,0,1,1,2.4%,0,100%,0,-,2,2.0,2.0,2.0,0,0.0%,0.05,2,0.6%,0.04,1.00,0,1,2,0,0.03,1.2,-0.2,34
Collin Johnson,JAC,WR,2020,0,0,0,0,0,0,0,-,-,-,0,0,0,0,0,-,-,-,-,0,0,-,0.0,0.00,0,0,0,-,-,-,-,-,-,0,0,0,-,0,-,0,-,0,-,-,-,0,-,-,0,-,-,-,0,0,0,0,-,0.0,0.0,-
Cooper Kupp,LAR,WR,2017,1,58,61,33,95,378,92,96.8%,-,-,0,0,0,0,0,-,-,-,-,0,0,-,0.0,0.00,0,0,0,-,-,-,-,-,-,0,11,21,36.2%,0,52%,0,-,110,10.0,5.2,7.2,0,0.0%,1.80,152,40.2%,0.82,0.72,61,11,110,0,1.16,22.0,-8.5,8
Cordarrelle Patterson,CHI,WR,2013,1,41,41,27,70,326,10,14.3%,-,-,0,0,0,0,0,-,-,-,-,0,0,-,0.0,0.00,1,4,0,0.0%,4.0,-,-,-,-,0,2,2,4.9%,0,100%,0,-,1,0.5,0.5,-5.0,0,0.0%,0.02,-10,-3.1%,0.05,-0.10,11,3,5,0,0.07,2.5,-1.3,74
Corey Clement,PHI,RB,2017,1,26,28,26,63,0,20,31.7%,26.9%,6.1,0,0,0,0,0,-,-,-,-,0,0,-,0.0,0.00,5,24,0,0.0%,4.8,0,0,0.0%,0,0,1,2,7.7%,0,50%,0,-,4,4.0,2.0,0.0,0,0.0%,0.14,0,-,-,-,0,6,28,0,0.44,3.8,0.0,50
Corey Davis,TEN,WR,2017,1,29,30,30,62,259,49,79.0%,-,-,0,0,0,0,0,-,-,-,-,0,0,-,0.0,0.00,0,0,0,-,-,-,-,-,-,0,8,10,34.5%,0,80%,0,-,128,16.0,12.8,11.0,1,12.5%,4.27,110,42.5%,0.81,1.16,24,8,128,1,2.06,26.8,10.0,4
Courtland Sutton,DEN,WR,2018,0,0,0,0,0,0,0,-,-,-,0,0,0,0,0,-,-,-,-,0,0,-,0.0,0.00,0,0,0,-,-,-,-,-,-,0,0,0,-,0,-,0,-,0,-,-,-,0,-,-,0,-,-,-,0,0,0,0,-,0.0,0.0,-
Curtis Samuel,CAR,WR,2017,1,26,27,17,54,221,41,75.9%,-,-,0,0,0,0,0,-,-,-,-,0,0,-,0.0,0.00,3,23,1,33.3%,7.7,-,-,-,-,0,4,5,19.2%,0,80%,0,-,31,7.8,6.2,11.4,1,25.0%,1.15,57,25.8%,0.47,0.54,7,7,54,2,1.00,21.4,9.4,10
D'Andre Swift,DET,RB,2020,1,40,42,19,61,398,38,62.3%,52.6%,9.8,0,0,0,0,0,-,-,-,-,0,0,-,0.0,0.00,6,1,0,0.0%,0.2,0,0,0.0%,0,0,3,4,10.0%,0,75%,0,-,22,7.3,5.5,2.8,0,0.0%,0.52,11,2.8%,0.17,2.00,17,9,23,0,0.38,5.3,-2.8,43
D'Ernest Johnson,CLE,RB,2018,1,25,25,21,49,109,6,12.2%,14.3%,2.8,0,0,0,0,0,-,-,-,-,0,0,-,0.0,0.00,2,6,0,0.0%,3.0,0,0,0.0%,0,0,1,1,4.0%,0,100%,0,-,5,5.0,5.0,5.0,0,0.0%,0.20,5,4.6%,0.09,1.00,0,3,11,0,0.22,2.1,-0.1,56
DaeSean Hamilton,DEN,WR,2018,1,38,41,24,65,309,61,93.8%,-,-,0,0,0,0,0,-,-,-,-,0,0,-,0.0,0.00,0,0,0,-,-,-,-,-,-,0,4,5,13.2%,0,80%,0,-,82,20.5,16.4,11.2,1,25.0%,2.00,56,18.1%,0.32,1.46,44,4,82,1,1.26,18.2,9.5,17
Dak Prescott,DAL,QB,2016,0,0,0,0,0,0,0,-,-,-,0,0,0,0,0,-,-,-,-,0,0,-,0.0,0.0,0,0,0,-,-,-,-,-,-,0,0,0,-,-,-,-,-,0,-,-,-,0,-,-,0,-,-,-,0,0,0,0,-,0.0,0.0,-
Dallas Goedert,PHI,TE,2018,1,26,28,26,63,0,53,84.1%,-,-,0,0,0,0,0,-,-,-,-,0,0,-,0.0,0.00,0,0,0,-,-,-,-,-,-,0,1,1,3.8%,0,100%,0,-,15,15.0,15.0,0.0,0,0.0%,0.54,0,-,-,-,0,1,15,0,0.24,2.5,0.0,30
Dalton Schultz,DAL,TE,2018,1,38,40,33,79,0,75,94.9%,-,-,0,0,0,0,0,-,-,-,-,0,0,-,0.0,0.00,0,0,0,-,-,-,-,-,-,0,6,8,21.1%,0,75%,0,-,53,8.8,6.6,0.0,0,0.0%,1.33,0,-,-,-,0,6,53,0,0.67,11.3,0.0,9
Dalvin Cook,MIN,RB,2017,1,14,14,37,52,25,46,88.5%,89.2%,22.2,0,0,0,0,0,-,-,-,-,0,0,-,0.0,0.00,30,163,3,10.0%,5.4,0,0,0.0%,0,0,2,3,21.4%,0,67%,0,-,63,31.5,21.0,-4.3,1,50.0%,4.50,-13,-52.0%,-0.04,-4.85,71,32,226,4,4.35,48.6,19.3,1
Damien Harris,NE,RB,2019,1,23,25,30,65,156,20,30.8%,53.3%,9.3,0,0,0,0,0,-,-,-,-,0,0,-,0.0,0.00,16,102,1,6.3%,6.4,0,0,0.0%,-,0,0,0,0.0%,0,-,0,-,0,-,-,-,0,-,0.00,0,0.0%,0.00,-,0,16,102,1,1.57,16.2,6.7,9
Damiere Byrd,NE,WR,2016,1,23,25,30,65,156,65,100.0%,-,-,0,0,0,0,0,-,-,-,-,0,0,-,0.0,0.00,0,0,0,-,-,-,-,-,-,0,3,4,17.4%,0,75%,0,-,39,13.0,9.8,10.3,0,0.0%,1.56,41,26.3%,0.44,0.95,10,3,39,0,0.60,6.9,0.4,54
Dan Arnold,ARI,TE,2017,0,0,0,0,0,0,0,-,-,-,0,0,0,0,0,-,-,-,-,0,0,-,0.0,0.00,0,0,0,-,-,-,-,-,-,0,0,0,-,0,-,0,-,0,-,-,-,0,-,-,0,-,-,-,0,0,0,0,-,0.0,0.0,-
Daniel Jones,NYG,QB,2019,1,41,42,26,0,0,0,-,-,-,25,41,256,2,2,61.00%,4.90%,6.2,5.0,0,0,0.0,74.8,0.0,3,20,0,0.00%,6.7,-,-,-,-,0,0,0,0.00%,-,-,-,-,0,-,-,-,0,-,0.00,0,-,-,-,0,3,20,0,-,16.2,0.0,16
Danny Amendola,DET,WR,2008,1,40,42,19,61,398,41,67.2%,-,-,0,0,0,0,0,-,-,-,-,0,0,-,0.0,0.00,0,0,0,-,-,-,-,-,-,0,3,4,10.0%,0,75%,0,-,54,18.0,13.5,10.3,0,0.0%,1.29,41,10.3%,0.22,1.32,16,3,54,0,0.89,8.4,2.4,46
Dante Pettis,SF,WR,2018,1,40,41,25,70,291,3,4.3%,-,-,0,0,0,0,0,-,-,-,-,0,0,-,0.0,0.00,0,0,0,-,-,-,-,-,-,1,0,0,0.0%,0,-,0,-,0,-,-,-,0,-,0.00,0,0.0%,0.00,-,0,0,0,0,0.00,-2.0,0.0,98
Darius Slayton,NYG,WR,2019,1,41,42,26,0,0,0,-,-,-,0,0,0,0,0,-,-,-,-,0,0,-,0.0,0.00,0,0,0,-,-,-,-,-,-,0,5,9,22.00%,0,56%,0,-,56,11.2,6.2,0.0,0,0.00%,1.33,0,-,-,-,0,5,56,0,-,10.6,0.0,39
Darnell Mooney,CHI,WR,2020,1,41,41,27,70,326,65,92.9%,-,-,0,0,0,0,0,-,-,-,-,0,0,-,0.0,0.00,0,0,0,-,-,-,-,-,-,0,5,6,14.6%,0,83%,0,-,69,13.8,11.5,17.0,1,20.0%,1.68,102,31.3%,0.44,0.68,11,5,69,1,0.99,17.9,7.1,18
Darrel Williams,KC,RB,2018,1,47,47,27,66,338,8,12.1%,14.8%,3.3,0,0,0,0,0,-,-,-,-,0,0,-,0.0,0.00,3,19,0,0.0%,6.3,0,0,0.0%,0,0,1,1,2.1%,0,100%,0,-,7,7.0,7.0,-1.0,0,0.0%,0.15,-1,-0.3%,0.03,-7.00,8,4,26,0,0.39,3.6,0.7,51
Darrell Henderson,LAR,RB,2019,1,58,61,33,95,378,18,18.9%,30.3%,7.8,0,0,0,0,0,-,-,-,-,0,0,-,0.0,0.00,8,47,0,0.0%,5.9,0,0,0.0%,0,0,1,2,3.4%,0,50%,0,-,11,11.0,5.5,0.0,0,0.0%,0.18,0,0.0%,0.05,-,9,9,58,0,0.61,6.8,-0.1,35
Darren Fells,HOU,TE,2013,0,0,0,0,0,0,0,-,-,-,0,0,0,0,0,-,-,-,-,0,0,-,0.0,0.00,0,0,0,-,-,-,-,-,-,0,0,0,-,0,-,0,-,0,-,-,-,0,-,-,0,-,-,-,0,0,0,0,-,0.0,0.0,-
Darren Waller,LV,TE,2015,1,22,24,42,72,141,57,79.2%,-,-,0,0,0,0,0,-,-,-,-,0,0,-,0.0,0.00,0,0,0,-,-,-,-,-,-,0,5,6,27.3%,0,83%,0,-,28,5.6,4.7,2.2,0,0.0%,1.17,13,9.2%,0.47,2.15,19,5,28,0,0.39,7.8,-0.4,13
Darrynton Evans,TEN,RB,2020,0,0,0,0,0,0,0,-,-,0.0,0,0,0,0,0,-,-,-,-,0,0,-,0.0,0.00,0,0,0,-,-,0,0,-,0,0,0,0,-,0,-,0,-,0,-,-,-,0,-,-,0,-,-,-,0,0,0,0,-,0.0,0.0,-
Darwin Thompson,KC,RB,2019,1,47,47,27,66,338,7,10.6%,18.5%,3.9,0,0,0,0,0,-,-,-,-,0,0,-,0.0,0.00,4,3,0,0.0%,0.8,0,0,0.0%,0,0,0,1,2.1%,0,0%,0,-,0,-,0.0,0.0,0,-,0.00,0,0.0%,0.03,-,0,4,3,0,0.05,0.3,-1.3,62
Davante Adams,GB,WR,2014,1,39,41,30,75,311,71,94.7%,-,-,0,0,0,0,0,-,-,-,-,0,0,-,0.0,0.00,0,0,0,-,-,-,-,-,-,0,7,12,30.8%,0,58%,0,-,53,7.6,4.4,10.0,3,42.9%,1.29,120,38.6%,0.73,0.44,8,7,53,3,0.71,30.3,7.0,2
David Johnson,HOU,RB,2015,0,0,0,0,0,0,0,-,-,0.0,0,0,0,0,0,-,-,-,-,0,0,-,0.0,0.00,0,0,0,-,-,0,0,-,0,0,0,0,-,0,-,0,-,0,-,-,-,0,-,-,0,-,-,-,0,0,0,0,-,0.0,0.0,-
David Montgomery,CHI,RB,2019,1,41,41,27,70,326,59,84.3%,96.3%,20.1,0,0,0,0,0,-,-,-,-,0,0,-,0.0,0.00,21,89,0,0.0%,4.2,0,0,0.0%,0,0,2,5,12.2%,0,40%,0,-,16,8.0,3.2,2.0,0,0.0%,0.39,10,3.1%,0.20,1.60,7,23,105,0,1.50,12.5,-8.7,20
David Moore,SEA,WR,2017,1,36,37,27,68,260,20,29.4%,-,-,0,0,0,0,0,-,-,-,-,0,0,-,0.0,0.00,2,28,0,0.0%,14.0,-,-,-,-,0,3,3,8.3%,0,100%,0,-,18,6.0,6.0,4.0,1,33.3%,0.49,12,4.6%,0.16,1.50,6,5,46,1,0.68,13.6,7.4,29
David Njoku,CLE,TE,2017,1,25,25,21,49,109,29,59.2%,-,-,0,0,0,0,0,-,-,-,-,0,0,-,0.0,0.00,0,0,0,-,-,-,-,-,-,0,1,3,12.0%,0,33%,0,-,19,19.0,6.3,2.7,0,0.0%,0.76,8,7.3%,0.23,2.38,22,1,19,0,0.39,2.9,-3.6,27
Dawson Knox,BUF,TE,2019,0,0,0,0,0,0,0,-,-,-,0,0,0,0,0,-,-,-,-,0,0,-,0.0,0.00,0,0,0,-,-,-,-,-,-,0,0,0,-,0,-,0,-,0,-,-,-,0,-,-,0,-,-,-,0,0,0,0,-,0.0,0.0,-
DeAndre Hopkins,ARI,WR,2013,0,0,0,0,0,0,0,-,-,-,0,0,0,0,0,-,-,-,-,0,0,-,0.0,0.00,0,0,0,-,-,-,-,-,-,0,0,0,-,0,-,0,-,0,-,-,-,0,-,-,0,-,-,-,0,0,0,0,-,0.0,0.0,-
Deebo Samuel,SF,WR,2019,0,0,0,0,0,0,0,-,-,-,0,0,0,0,0,-,-,-,-,0,0,-,0.0,0.00,0,0,0,-,-,-,-,-,-,0,0,0,-,0,-,0,-,0,-,-,-,0,-,-,0,-,-,-,0,0,0,0,-,0.0,0.0,-
DeeJay Dallas,SEA,RB,2020,1,36,37,27,68,260,54,79.4%,77.8%,-,0,0,0,0,0,-,-,-,-,0,0,-,0.0,0.00,18,41,1,5.6%,2.3,0,0,0.0%,0,0,2,3,8.3%,0,67%,0,-,18,9.0,6.0,1.0,0,0.0%,0.49,3,1.2%,0.13,6.00,14,20,59,1,0.87,13.9,-3.5,15
Demarcus Robinson,KC,WR,2016,1,47,47,27,66,338,36,54.5%,-,-,0,0,0,0,0,-,-,-,-,0,0,-,0.0,0.00,0,0,0,-,-,-,-,-,-,0,4,5,10.6%,0,80%,0,-,63,15.8,12.6,12.6,1,25.0%,1.34,63,18.6%,0.29,1.00,11,4,63,1,0.95,16.3,7.5,20
Denzel Mims,NYJ,WR,2020,1,28,30,24,57,194,55,96.5%,-,-,0,0,0,0,0,-,-,-,-,0,0,-,0.0,0.00,0,0,0,-,-,-,-,-,-,0,2,3,10.7%,0,67%,0,-,42,21.0,14.0,18.0,0,0.0%,1.40,54,27.8%,0.36,0.78,6,2,42,0,0.74,6.2,1.6,55
Deonte Harris,NO,WR,2019,1,41,41,35,74,190,39,52.7%,-,-,0,0,0,0,0,-,-,-,-,0,0,-,0.0,0.00,1,-2,0,0.0%,-2.0,-,-,-,-,0,3,3,7.3%,0,100%,0,-,19,6.3,6.3,2.7,0,0.0%,0.46,8,4.2%,0.14,2.38,11,4,17,0,0.23,4.7,-2.3,63
Derek Carr,LV,QB,2014,1,22,24,42,72,141,72,100.0%,-,-,15,24,112,1,0,62.5%,4.2%,4.7,5.5,141,52,5.9,87.5,1.0,6,41,0,0.0%,6.8,-,-,-,-,0,0,0,0.0%,-,-,-,-,0,-,-,-,0,-,0.00,0,0.0%,0.00,-,0,6,41,0,0.57,12.6,-2.6,20
Derrick Henry,TEN,RB,2016,1,29,30,30,62,259,33,53.2%,63.3%,12.0,0,0,0,0,0,-,-,-,-,0,0,-,0.0,0.00,18,112,1,5.6%,6.2,0,0,0.0%,0,0,0,1,3.4%,0,0%,0,-,0,-,0.0,0.0,0,-,0.00,0,0.0%,0.05,-,0,18,112,1,1.81,17.2,4.4,7
DeSean Jackson,PHI,WR,2008,0,0,0,0,0,0,0,-,-,-,0,0,0,0,0,-,-,-,-,0,0,-,0.0,0.00,0,0,0,-,-,-,-,-,-,0,0,0,-,0,-,0,-,0,-,-,-,0,-,-,0,-,-,-,0,0,0,0,-,0.0,0.0,-
Deshaun Watson,HOU,QB,2017,0,0,0,0,0,0,0,-,-,-,0,0,0,0,0,-,-,-,-,0,0,-,0.0,0.0,0,0,0,-,-,-,-,-,-,0,0,0,-,-,-,-,-,0,-,-,-,0,-,-,0,-,-,-,0,0,0,0,-,0.0,0.0,-
Devante Parker,MIA,WR,2015,1,22,22,30,49,118,29,59.2%,-,-,0,0,0,0,0,-,-,-,-,0,0,-,0.0,0.00,0,0,0,-,-,-,-,-,-,0,1,2,9.1%,0,50%,0,-,3,3.0,1.5,0.5,1,100.0%,0.14,1,0.8%,0.14,3.00,0,1,3,1,0.06,7.3,2.5,51
Devin Duvernay,BAL,WR,2020,1,26,28,34,82,232,37,45.1%,-,-,0,0,0,0,0,-,-,-,-,0,0,-,0.0,0.00,0,0,0,-,-,-,-,-,-,0,1,3,11.5%,0,33%,0,-,39,39.0,13.0,13.7,0,0.0%,1.39,41,17.7%,0.30,0.95,2,1,39,0,0.48,4.9,0.2,62
Devin Singletary,BUF,RB,2019,1,18,18,30,58,179,28,48.3%,50.0%,9.7,0,0,0,0,0,-,-,-,-,0,0,-,0.0,0.00,14,86,0,0.0%,6.1,0,0,0.0%,0,0,1,1,5.6%,0,100%,0,-,6,6.0,6.0,2.0,0,0.0%,0.33,2,1.1%,0.09,3.00,4,15,92,0,1.59,10.2,2.2,23
Devonta Freeman,NYG,RB,2014,0,0,0,0,0,0,0,-,-,0.0,0,0,0,0,0,-,-,-,-,0,0,-,0.0,0.00,0,0,0,-,-,0,0,-,0,0,0,0,-,0,-,0,-,0,-,-,-,0,-,-,0,-,-,-,0,0,0,0,-,0.0,0.0,-
Devontae Booker,LV,RB,2016,1,22,24,42,72,141,10,13.9%,14.3%,4.5,0,0,0,0,0,-,-,-,-,0,0,-,0.0,0.00,5,29,0,0.0%,5.8,0,0,0.0%,0,0,1,1,4.5%,0,100%,0,-,17,17.0,17.0,-1.0,0,0.0%,0.71,-1,-0.7%,0.06,-17.00,18,6,46,0,0.64,5.6,1.7,41
Dion Lewis,NYG,RB,2011,1,41,42,26,0,0,0,-,11.50%,4.8,0,0,0,0,0,-,-,-,-,0,0,-,0.0,0.00,0,0,0,-,-,0,0,0.00%,0,0,2,3,7.30%,0,67%,0,-,8,4.0,2.7,0.0,1,50.00%,0.19,0,-,-,-,0,2,8,1,-,8.8,0.0,29
Diontae Johnson,PIT,WR,2019,1,32,32,21,53,232,41,77.4%,-,-,0,0,0,0,0,-,-,-,-,0,0,-,0.0,0.00,0,0,0,-,-,-,-,-,-,0,1,3,9.4%,0,33%,0,-,6,6.0,2.0,19.7,0,0.0%,0.19,59,25.4%,0.32,0.10,5,1,6,0,0.11,1.6,-2.8,77
DJ Chark,JAC,WR,2018,0,0,0,0,0,0,0,-,-,-,0,0,0,0,0,-,-,-,-,0,0,-,0.0,0.00,0,0,0,-,-,-,-,-,-,0,0,0,-,0,-,0,-,0,-,-,-,0,-,-,0,-,-,-,0,0,0,0,-,0.0,0.0,-
DJ Moore,CAR,WR,2018,1,26,27,17,54,221,48,88.9%,-,-,0,0,0,0,0,-,-,-,-,0,0,-,0.0,0.00,0,0,0,-,-,-,-,-,-,0,2,5,19.2%,0,40%,0,-,55,27.5,11.0,17.8,0,0.0%,2.04,89,40.3%,0.57,0.62,10,2,55,0,1.02,7.5,-2.0,48
DK Metcalf,SEA,WR,2019,1,36,37,27,68,260,65,95.6%,-,-,0,0,0,0,0,-,-,-,-,0,0,-,0.0,0.00,0,0,0,-,-,-,-,-,-,0,12,15,41.7%,0,80%,0,-,161,13.4,10.7,9.7,2,16.7%,4.35,145,55.8%,1.02,1.11,64,12,161,2,2.37,40.1,14.9,1
Donovan Peoples-Jones,CLE,WR,2020,1,25,25,21,49,109,4,8.2%,-,-,0,0,0,0,0,-,-,-,-,0,0,-,0.0,0.00,0,0,0,-,-,-,-,-,-,0,0,0,0.0%,0,-,0,-,0,-,-,-,0,-,0.00,0,0.0%,0.00,-,0,0,0,0,0.00,0.0,0.0,82
Dontrelle Inman,WAS,WR,2011,0,0,0,0,0,0,0,-,-,-,0,0,0,0,0,-,-,-,-,0,0,-,0.0,0.00,0,0,0,-,-,-,-,-,-,0,0,0,-,0,-,0,-,0,-,-,-,0,-,-,0,-,-,-,0,0,0,0,-,0.0,0.0,-
Drew Brees,NO,QB,2001,1,41,41,35,74,190,70,94.6%,-,-,31,41,280,2,0,75.6%,4.9%,6.8,7.8,190,111,4.6,109.8,4.2,3,4,0,0.0%,1.3,-,-,-,-,0,0,0,0.0%,-,-,-,-,0,-,-,-,0,-,0.00,0,0.0%,0.00,-,0,3,4,0,0.05,19.6,3.0,8
Drew Lock,DEN,QB,2019,1,38,41,24,65,309,65,100.0%,-,-,26,41,248,3,1,63.4%,7.3%,6.0,6.4,309,133,7.5,94.4,2.2,2,-1,0,0.0%,-0.5,-,-,-,-,0,0,0,0.0%,-,-,-,-,0,-,-,-,0,-,0.00,0,0.0%,0.00,-,0,2,-1,0,-0.02,19.8,2.1,7
Drew Sample,CIN,TE,2019,1,35,37,34,73,225,62,84.9%,-,-,0,0,0,0,0,-,-,-,-,0,0,-,0.0,0.00,0,0,0,-,-,-,-,-,-,0,0,1,2.9%,0,0%,0,-,0,-,0.0,5.0,0,-,0.00,5,2.2%,0.06,0.00,0,0,0,0,0.00,0.0,-2.4,36
Duke Johnson,HOU,RB,2015,0,0,0,0,0,0,0,-,-,0.0,0,0,0,0,0,-,-,-,-,0,0,-,0.0,0.00,0,0,0,-,-,0,0,-,0,0,0,0,-,0,-,0,-,0,-,-,-,0,-,-,0,-,-,-,0,0,0,0,-,0.0,0.0,-
Dwayne Haskins,WAS,QB,2019,0,0,0,0,0,0,0,-,-,-,0,0,0,0,0,-,-,-,-,0,0,-,0.0,0.0,0,0,0,-,-,-,-,-,-,0,0,0,-,-,-,-,-,0,-,-,-,0,-,-,0,-,-,-,0,0,0,0,-,0.0,0.0,-
Emmanuel Sanders,NO,WR,2010,0,0,0,0,0,0,0,-,-,-,0,0,0,0,0,-,-,-,-,0,0,-,0.0,0.00,0,0,0,-,-,-,-,-,-,0,0,0,-,0,-,0,-,0,-,-,-,0,-,-,0,-,-,-,0,0,0,0,-,0.0,0.0,-
Eric Ebron,PIT,TE,2014,1,32,32,21,53,232,46,86.8%,-,-,0,0,0,0,0,-,-,-,-,0,0,-,0.0,0.00,0,0,0,-,-,-,-,-,-,0,4,5,15.6%,0,80%,0,-,48,12.0,9.6,6.2,1,25.0%,1.50,31,13.4%,0.33,1.55,22,4,48,1,0.91,14.8,6.4,3
Evan Engram,NYG,TE,2017,1,41,42,26,0,0,0,-,-,-,0,0,0,0,0,-,-,-,-,0,0,-,0.0,0.00,1,9,0,0.00%,9.0,-,-,-,-,0,5,10,24.40%,0,50%,0,-,61,12.2,6.1,0.0,0,0.00%,1.45,0,-,-,-,0,6,70,0,-,12.0,0.0,7
Ezekiel Elliott,DAL,RB,2016,1,38,40,33,79,0,62,78.5%,63.6%,14.2,0,0,0,0,0,-,-,-,-,0,0,-,0.0,0.00,19,63,0,0.0%,3.3,0,0,0.0%,0,0,1,2,5.3%,0,50%,0,-,10,10.0,5.0,0.0,0,0.0%,0.25,0,-,-,-,0,20,73,0,0.92,8.3,0.0,33
Frank Gore,NYJ,RB,2005,1,28,30,24,57,194,22,38.6%,41.7%,5.8,0,0,0,0,0,-,-,-,-,0,0,-,0.0,0.00,10,30,0,0.0%,3.0,0,0,0.0%,0,0,0,0,0.0%,0,-,0,-,0,-,-,-,0,-,0.00,0,0.0%,0.00,-,0,10,30,0,0.53,3.0,-1.8,53
Gabriel Davis,BUF,WR,2020,1,18,18,30,58,179,35,60.3%,-,-,0,0,0,0,0,-,-,-,-,0,0,-,0.0,0.00,0,0,0,-,-,-,-,-,-,0,0,2,11.1%,0,0%,0,-,0,-,0.0,29.5,0,-,0.00,59,33.0%,0.40,0.00,0,0,0,0,0.00,0.0,-3.7,83
Gardner Minshew,JAC,QB,2019,0,0,0,0,0,0,0,-,-,-,0,0,0,0,0,-,-,-,-,0,0,-,0.0,0.0,0,0,0,-,-,-,-,-,-,0,0,0,-,-,-,-,-,0,-,-,-,0,-,-,0,-,-,-,0,0,0,0,-,0.0,0.0,-
George Kittle,SF,TE,2017,1,40,41,25,70,291,46,65.7%,-,-,0,0,0,0,0,-,-,-,-,0,0,-,0.0,0.00,0,0,0,-,-,-,-,-,-,0,2,4,10.0%,0,50%,0,-,39,19.5,9.8,10.8,0,0.0%,0.95,43,14.8%,0.25,0.91,17,2,39,0,0.56,5.9,-0.1,18
Gerald Everett,LAR,TE,2017,1,58,61,33,95,378,52,54.7%,-,-,0,0,0,0,0,-,-,-,-,0,0,-,0.0,0.00,0,0,0,-,-,-,-,-,-,0,5,9,15.5%,0,56%,0,-,32,6.4,3.6,4.4,0,0.0%,0.52,40,10.6%,0.31,0.80,15,5,32,0,0.34,8.2,-5.2,12
Giovani Bernard,CIN,RB,2013,1,35,37,34,73,225,47,64.4%,55.9%,15.1,0,0,0,0,0,-,-,-,-,0,0,-,0.0,0.00,15,62,1,6.7%,4.1,0,0,0.0%,0,0,3,4,11.4%,0,75%,0,-,16,5.3,4.0,0.5,1,33.3%,0.43,2,0.9%,0.18,8.00,14,18,78,2,1.07,22.8,8.0,3
Golden Tate,NYG,WR,2010,1,41,42,26,0,0,0,-,-,-,1,1,18,0,0,100.00%,0.00%,18.0,18.0,0,0,0.0,118.8,0.00,0,0,0,-,-,-,-,-,-,0,2,3,7.30%,0,67%,0,-,31,15.5,10.3,0.0,1,50.00%,0.74,0,-,-,-,0,2,31,1,-,11.8,0.0,35
Greg Olsen,SEA,TE,2007,1,36,37,27,68,260,37,54.4%,-,-,0,0,0,0,0,-,-,-,-,0,0,-,0.0,0.00,0,0,0,-,-,-,-,-,-,0,0,4,11.1%,0,0%,0,-,0,-,0.0,4.3,0,-,0.00,17,6.5%,0.21,0.00,0,0,0,0,0.00,0.0,-9.1,37
Greg Ward,PHI,WR,2017,1,26,28,26,63,0,59,93.7%,-,-,0,0,0,0,0,-,-,-,-,0,0,-,0.0,0.00,1,2,0,0.0%,2.0,-,-,-,-,0,3,5,19.2%,0,60%,0,-,10,3.3,2.0,0.0,0,0.0%,0.36,0,-,-,-,0,4,12,0,0.19,4.2,0.0,67
Gus Edwards,BAL,RB,2018,1,26,28,34,82,232,26,31.7%,50.0%,10.9,0,0,0,0,0,-,-,-,-,0,0,-,0.0,0.00,16,87,1,6.3%,5.4,0,0,0.0%,0,0,0,1,3.8%,0,0%,0,-,0,-,0.0,-4.0,0,-,0.00,-4,-1.7%,0.05,0.00,0,16,87,1,1.06,14.7,2.9,13
Harrison Bryant,CLE,TE,2020,1,25,25,21,49,109,39,79.6%,-,-,0,0,0,0,0,-,-,-,-,0,0,-,0.0,0.00,0,0,0,-,-,-,-,-,-,1,3,3,12.0%,0,100%,0,-,25,8.3,8.3,5.3,0,0.0%,1.00,16,14.7%,0.28,1.56,9,3,25,0,0.51,3.5,1.0,24
Hayden Hurst,ATL,TE,2018,1,30,30,34,70,258,56,80.0%,-,-,0,0,0,0,0,-,-,-,-,0,0,-,0.0,0.00,0,0,0,-,-,-,-,-,-,0,5,7,23.3%,0,71%,0,-,54,10.8,7.7,5.7,0,0.0%,1.80,40,15.5%,0.46,1.35,21,5,54,0,0.77,10.4,-0.5,10
Henry Ruggs,LV,WR,2020,1,22,24,42,72,141,54,75.0%,-,-,0,0,0,0,0,-,-,-,-,0,0,-,0.0,0.00,1,1,0,0.0%,1.0,-,-,-,-,0,2,4,18.2%,0,50%,0,-,8,4.0,2.0,15.3,0,0.0%,0.33,61,43.3%,0.58,0.13,6,3,9,0,0.13,2.9,-5.0,72
Hunter Henry,LAC,TE,2016,1,41,44,48,87,318,84,96.6%,-,-,0,0,0,0,0,-,-,-,-,0,0,-,0.0,0.00,0,0,0,-,-,-,-,-,-,0,4,4,9.8%,0,100%,0,-,33,8.3,8.3,1.5,0,0.0%,0.75,6,1.9%,0.16,5.50,27,4,33,0,0.38,7.3,1.2,15
Hunter Renfrow,LV,WR,2019,1,22,24,42,72,141,15,20.8%,-,-,0,0,0,0,0,-,-,-,-,0,0,-,0.0,0.00,0,0,0,-,-,-,-,-,-,0,4,4,18.2%,0,100%,0,-,26,6.5,6.5,4.0,1,25.0%,1.08,16,11.3%,0.35,1.63,10,4,26,1,0.36,12.6,5.3,33
Ian Thomas,CAR,TE,2018,1,26,27,17,54,221,40,74.1%,-,-,0,0,0,0,0,-,-,-,-,0,0,-,0.0,0.00,0,0,0,-,-,-,-,-,-,0,3,3,11.5%,0,100%,0,-,28,9.3,9.3,3.0,0,0.0%,1.04,9,4.1%,0.20,3.11,19,3,28,0,0.52,5.8,2.0,19
Irv Smith,MIN,TE,2019,1,14,14,37,52,25,41,78.8%,-,-,0,0,0,0,0,-,-,-,-,0,0,-,0.0,0.00,0,0,0,-,-,-,-,-,-,0,1,1,7.1%,0,100%,0,-,16,16.0,16.0,7.0,0,0.0%,1.14,7,28.0%,0.30,2.29,9,1,16,0,0.31,2.6,1.1,29
Isaiah Ford,MIA,WR,2017,1,22,22,30,49,118,17,34.7%,-,-,0,0,0,0,0,-,-,-,-,0,0,-,0.0,0.00,0,0,0,-,-,-,-,-,-,0,1,1,4.5%,0,100%,0,-,10,10.0,10.0,3.0,0,0.0%,0.45,3,2.5%,0.09,3.33,7,1,10,0,0.20,2.0,0.1,76
Isaiah McKenzie,BUF,WR,2017,1,18,18,30,58,179,6,10.3%,-,-,0,0,0,0,0,-,-,-,-,0,0,-,0.0,0.00,0,0,0,-,-,-,-,-,-,0,0,0,0.0%,0,-,0,-,0,-,-,-,0,-,0.00,0,0.0%,0.00,-,0,0,0,0,0.00,0.0,0.0,84
Isaiah Wright,WAS,WR,2020,0,0,0,0,0,0,0,-,-,-,0,0,0,0,0,-,-,-,-,0,0,-,0.0,0.00,0,0,0,-,-,-,-,-,-,0,0,0,-,0,-,0,-,0,-,-,-,0,-,-,0,-,-,-,0,0,0,0,-,0.0,0.0,-
Ito Smith,ATL,RB,2018,0,0,0,0,0,0,0,-,-,0.0,0,0,0,0,0,-,-,-,-,0,0,-,0.0,0.00,0,0,0,-,-,0,0,-,0,0,0,0,-,0,-,0,-,0,-,-,-,0,-,-,0,-,-,-,0,0,0,0,-,0.0,0.0,-
Jace Sternberger,GB,TE,2019,1,39,41,30,75,311,28,37.3%,-,-,0,0,0,0,0,-,-,-,-,0,0,-,0.0,0.00,0,0,0,-,-,-,-,-,-,0,3,4,10.3%,0,75%,0,-,46,15.3,11.5,11.3,0,0.0%,1.12,45,14.5%,0.26,1.02,23,3,46,0,0.61,7.6,1.6,14
Jack Doyle,IND,TE,2013,1,34,34,46,77,224,45,58.4%,-,-,0,0,0,0,0,-,-,-,-,0,0,-,0.0,0.00,0,0,0,-,-,-,-,-,-,0,2,3,8.8%,0,67%,0,-,18,9.0,6.0,5.7,1,50.0%,0.53,17,7.6%,0.19,1.06,14,2,18,1,0.23,9.8,4.0,11
Jacob Hollister,SEA,TE,2017,1,36,37,27,68,260,26,38.2%,-,-,0,0,0,0,0,-,-,-,-,0,0,-,0.0,0.00,0,0,0,-,-,-,-,-,-,0,1,2,5.6%,0,50%,0,-,6,6.0,3.0,1.5,0,0.0%,0.16,3,1.2%,0.09,2.00,8,1,6,0,0.09,1.6,-2.4,33
Jakeem Grant,MIA,WR,2016,1,22,22,30,49,118,16,32.7%,-,-,0,0,0,0,0,-,-,-,-,0,0,-,0.0,0.00,0,0,0,-,-,-,-,-,-,0,1,2,9.1%,0,50%,0,-,15,15.0,7.5,8.5,0,0.0%,0.68,17,14.4%,0.24,0.88,0,1,15,0,0.31,2.5,5.0,75
Jakobi Meyers,NE,WR,2019,1,23,25,30,65,156,64,98.5%,-,-,0,0,0,0,0,-,-,-,-,0,0,-,0.0,0.00,0,0,0,-,-,-,-,-,-,0,6,10,43.5%,0,60%,0,-,58,9.7,5.8,9.1,0,0.0%,2.32,91,58.3%,1.06,0.64,14,6,58,0,0.89,11.8,-2.7,36
Jalen Guyton,LAC,WR,2019,1,41,44,48,87,318,76,87.4%,-,-,0,0,0,0,0,-,-,-,-,0,0,-,0.0,0.00,0,0,0,-,-,-,-,-,-,0,1,4,9.8%,0,25%,0,-,3,3.0,0.8,24.3,0,0.0%,0.07,97,30.5%,0.36,0.03,3,1,3,0,0.03,1.3,-4.3,80
Jalen Reagor,PHI,WR,2020,1,26,28,26,63,0,46,73.0%,-,-,0,0,0,0,0,-,-,-,-,0,0,-,0.0,0.00,1,6,0,0.0%,6.0,-,-,-,-,0,3,6,23.1%,0,50%,0,-,16,5.3,2.7,0.0,1,33.3%,0.57,0,-,-,-,0,4,22,1,0.35,11.2,0.0,38
Jalen Richard,LV,RB,2016,1,22,24,42,72,141,14,19.4%,4.8%,2.2,0,0,0,0,0,-,-,-,-,0,0,-,0.0,0.00,1,6,0,0.0%,6.0,0,0,0.0%,0,0,1,1,4.5%,0,100%,0,-,12,12.0,12.0,5.0,0,0.0%,0.50,5,3.5%,0.09,2.40,7,2,18,0,0.25,2.8,1.2,54
Jamaal Williams,GB,RB,2017,1,39,41,30,75,311,64,85.3%,73.3%,18.8,0,0,0,0,0,-,-,-,-,0,0,-,0.0,0.00,16,75,0,0.0%,4.7,0,0,0.0%,0,0,6,6,15.4%,0,100%,0,-,27,4.5,4.5,0.7,0,0.0%,0.66,4,1.3%,0.24,6.75,23,22,102,0,1.36,16.2,0.0,10
James Conner,PIT,RB,2017,1,32,32,21,53,232,31,58.5%,85.7%,13.5,0,0,0,0,0,-,-,-,-,0,0,-,0.0,0.00,15,47,1,6.7%,3.1,0,0,0.0%,0,0,3,3,9.4%,0,100%,0,-,13,4.3,4.3,-2.3,0,0.0%,0.41,-7,-3.0%,0.12,-1.86,20,18,60,1,1.13,15.0,1.2,12
James O'Shaughnessy,JAC,TE,2015,0,0,0,0,0,0,0,-,-,-,0,0,0,0,0,-,-,-,-,0,0,-,0.0,0.00,0,0,0,-,-,-,-,-,-,0,0,0,-,0,-,0,-,0,-,-,-,0,-,-,0,-,-,-,0,0,0,0,-,0.0,0.0,-
James Robinson,JAC,RB,2020,0,0,0,0,0,0,0,-,-,0.0,0,0,0,0,0,-,-,-,-,0,0,-,0.0,0.00,0,0,0,-,-,0,0,-,0,0,0,0,-,0,-,0,-,0,-,-,-,0,-,-,0,-,-,-,0,0,0,0,-,0.0,0.0,-
James Washington,PIT,WR,2018,1,32,32,21,53,232,10,18.9%,-,-,0,0,0,0,0,-,-,-,-,0,0,-,0.0,0.00,0,0,0,-,-,-,-,-,-,0,0,1,3.1%,0,0%,0,-,0,-,0.0,4.0,0,-,0.00,4,1.7%,0.06,0.00,0,0,0,0,0.00,0.0,-1.4,85
James White,NE,RB,2014,1,23,25,30,65,156,31,47.7%,20.0%,7.5,0,0,0,0,0,-,-,-,-,0,0,-,0.0,0.00,2,0,0,0.0%,0.0,0,0,0.0%,0,0,2,4,17.4%,0,50%,0,-,35,17.5,8.8,2.8,0,0.0%,1.40,11,7.1%,0.31,3.18,41,4,35,0,0.54,5.5,0.0,42
Jamison Crowder,NYJ,WR,2015,0,0,0,0,0,0,0,-,-,-,0,0,0,0,0,-,-,-,-,0,0,-,0.0,0.00,0,0,0,-,-,-,-,-,-,0,0,0,-,0,-,0,-,0,-,-,-,0,-,-,0,-,-,-,0,0,0,0,-,0.0,0.0,-
JaMycal Hasty,SF,RB,2020,1,40,41,25,70,291,29,41.4%,52.0%,8.6,0,0,0,0,0,-,-,-,-,0,0,-,0.0,0.00,12,29,1,8.3%,2.4,0,0,0.0%,0,0,1,1,2.5%,0,100%,0,-,2,2.0,2.0,0.0,0,0.0%,0.05,0,0.0%,0.04,-,0,13,31,1,0.44,10.1,-2.8,24
Jared Cook,NO,TE,2009,1,41,41,35,74,190,40,54.1%,-,-,0,0,0,0,0,-,-,-,-,0,0,-,0.0,0.00,0,0,0,-,-,-,-,-,-,0,5,7,17.1%,0,71%,0,-,51,10.2,7.3,8.6,1,20.0%,1.24,60,31.6%,0.48,0.85,12,5,51,1,0.69,16.1,4.3,2
Jared Goff,LAR,QB,2016,1,58,61,33,95,378,95,100.0%,-,-,35,61,355,1,2,57.4%,1.6%,5.8,4.7,378,160,6.2,65.9,-6.5,0,0,0,-,-,-,-,-,-,2,0,0,0.0%,-,-,-,-,0,-,-,-,0,-,0.00,0,0.0%,0.00,-,0,0,0,0,0.00,10.2,-9.2,24
Jarrett Stidham,NE,QB,2019,0,0,0,0,0,0,0,-,-,-,0,0,0,0,0,-,-,-,-,0,0,-,0.0,0.0,0,0,0,-,-,-,-,-,-,0,0,0,-,-,-,-,-,0,-,-,-,0,-,-,0,-,-,-,0,0,0,0,-,0.0,0.0,-
Jarvis Landry,CLE,WR,2014,1,25,25,21,49,109,38,77.6%,-,-,0,0,0,0,0,-,-,-,-,0,0,-,0.0,0.00,0,0,0,-,-,-,-,-,-,0,4,11,44.0%,0,36%,0,-,52,13.0,4.7,5.6,0,0.0%,2.08,62,56.9%,1.06,0.84,26,4,52,0,1.06,9.2,-10.2,44
Jason Huntley,PHI,RB,2020,1,26,28,26,63,0,2,3.2%,0.0%,0.0,0,0,0,0,0,-,-,-,-,0,0,-,0.0,0.00,0,0,0,-,-,0,0,-,0,0,0,0,0.0%,0,-,0,-,0,-,-,-,0,-,0.00,0,-,-,-,0,0,0,0,0.00,0.0,0.0,64
Jason Witten,LV,TE,2003,1,22,24,42,72,141,38,52.8%,-,-,0,0,0,0,0,-,-,-,-,0,0,-,0.0,0.00,0,0,0,-,-,-,-,-,-,0,2,2,9.1%,0,100%,0,-,21,10.5,10.5,10.5,0,0.0%,0.88,21,14.9%,0.24,1.00,0,2,21,0,0.29,4.1,0.8,23
Jaylen Samuels,PIT,RB,2018,1,32,32,21,53,232,8,15.1%,9.5%,3.2,0,0,0,0,0,-,-,-,-,0,0,-,0.0,0.00,0,0,0,-,-,0,0,-,0,0,0,2,6.3%,0,0%,0,-,0,-,0.0,3.5,0,-,0.00,7,3.0%,0.11,0.00,0,0,0,0,0.00,0.0,-2.6,65
JD McKissic,WAS,RB,2016,0,0,0,0,0,0,0,-,-,0.0,0,0,0,0,0,-,-,-,-,0,0,-,0.0,0.00,0,0,0,-,-,0,0,-,0,0,0,0,-,0,-,0,-,0,-,-,-,0,-,-,0,-,-,-,0,0,0,0,-,0.0,0.0,-
Jeff Driskel,DEN,QB,2016,0,0,0,0,0,0,0,-,-,-,0,0,0,0,0,-,-,-,-,0,0,-,0.0,0.0,0,0,0,-,-,-,-,-,-,0,0,0,-,-,-,-,-,0,-,-,-,0,-,-,0,-,-,-,0,0,0,0,-,0.0,0.0,-
Jeff Smith,NYJ,WR,2019,1,28,30,24,57,194,48,84.2%,-,-,0,0,0,0,0,-,-,-,-,0,0,-,0.0,0.00,0,0,0,-,-,-,-,-,-,0,3,8,28.6%,-,38%,-,-,29,9.7,3.6,10.6,0,0.0%,0.97,85,43.8%,0.74,0.34,18,3,29,0,0.51,5.9,-6.6,57
Jeff Wilson,SF,RB,2018,0,0,0,0,0,0,0,-,-,0.0,0,0,0,0,0,-,-,-,-,0,0,-,0.0,0.00,0,0,0,-,-,0,0,-,-,0,0,0,-,0,-,0,-,0,-,-,-,0,-,-,0,-,-,-,0,0,0,0,-,0.0,0.0,-
Jeremy McNichols,TEN,RB,2017,1,29,30,30,62,259,22,35.5%,16.7%,3.9,0,0,0,0,0,-,-,-,-,0,0,-,0.0,0.00,4,49,0,0.0%,12.3,0,0,0.0%,0,0,0,1,3.4%,0,0%,0,-,0,-,0.0,0.0,0,-,0.00,0,0.0%,0.05,-,0,4,49,0,0.79,4.9,1.3,46
Jerick McKinnon,SF,RB,2014,1,40,41,25,70,291,35,50.0%,28.0%,8.1,0,0,0,0,0,-,-,-,-,0,0,-,0.0,0.00,3,-1,1,33.3%,-0.3,0,0,0.0%,0,0,4,4,10.0%,0,100%,0,-,40,10.0,10.0,4.0,0,0.0%,0.98,16,5.5%,0.19,2.50,24,7,39,1,0.56,13.9,3.2,16
Jerry Jeudy,DEN,WR,2020,1,38,41,24,65,309,58,89.2%,-,-,0,0,0,0,0,-,-,-,-,0,0,-,0.0,0.00,0,0,0,-,-,-,-,-,-,0,4,10,26.3%,0,40%,0,-,73,18.3,7.3,16.2,0,0.0%,1.78,162,52.4%,0.76,0.45,22,4,73,0,1.12,11.3,-4.0,37
Jimmy Garoppolo,SF,QB,2014,1,40,41,25,70,291,41,58.6%,-,-,11,16,84,0,1,68.8%,0.0%,5.3,2.4,106,60,6.6,55.2,0.1,4,4,0,0.0%,1.0,-,-,-,-,0,0,0,0.0%,-,-,-,-,0,-,-,-,0,-,0.00,0,0.0%,0.00,-,0,4,4,0,0.06,1.8,-5.8,30
Jimmy Graham,CHI,TE,2010,1,41,41,27,70,326,44,62.9%,-,-,0,0,0,0,0,-,-,-,-,0,0,-,0.0,0.00,0,0,0,-,-,-,-,-,-,0,2,7,17.1%,0,29%,0,-,13,6.5,1.9,7.9,0,0.0%,0.32,55,16.9%,0.37,0.24,0,2,13,0,0.19,3.3,-7.2,26
JJ Arcega-Whiteside,PHI,WR,2019,1,26,28,26,63,0,5,7.9%,-,-,0,0,0,0,0,-,-,-,-,0,0,-,0.0,0.00,0,0,0,-,-,-,-,-,-,0,0,0,0.0%,0,-,0,-,0,-,-,-,0,-,0.00,0,-,-,-,0,0,0,0,0.00,0.0,0.0,86
JJ Taylor,NE,RB,2020,0,0,0,0,0,0,0,-,-,0.0,0,0,0,0,0,-,-,-,-,0,0,-,0.0,0.00,0,0,0,-,-,0,0,-,0,0,0,0,-,0,-,0,-,0,-,-,-,0,-,-,0,-,-,-,0,0,0,0,-,0.0,0.0,-
JK Dobbins,BAL,RB,2020,1,26,28,34,82,232,54,65.9%,50.0%,11.9,0,0,0,0,0,-,-,-,-,0,0,-,0.0,0.00,15,113,0,0.0%,7.5,0,0,0.0%,0,0,1,2,7.7%,0,50%,0,-,8,8.0,4.0,3.5,0,0.0%,0.29,7,3.0%,0.14,1.14,4,16,121,0,1.48,13.1,3.4,18
Joe Burrow,CIN,QB,2020,1,35,37,34,73,225,73,100.0%,-,-,26,37,249,2,0,70.3%,5.4%,6.7,7.8,225,163,6.1,106.7,7.2,3,9,0,0.0%,3.0,-,-,-,-,0,0,0,0.0%,-,-,-,-,0,-,-,-,0,-,0.00,0,0.0%,0.00,-,0,3,9,0,0.12,18.9,2.7,10
Joe Flacco,NYJ,QB,2008,0,0,0,0,0,0,0,-,-,-,0,0,0,0,0,-,-,-,-,0,0,-,0.0,0.0,0,0,0,-,-,-,-,-,-,0,0,0,-,-,-,-,-,0,-,-,-,0,-,-,0,-,-,-,0,0,0,0,-,0.0,0.0,-
Joe Mixon,CIN,RB,2017,0,0,0,0,0,0,0,-,-,0.0,0,0,0,0,0,-,-,-,-,0,0,-,0.0,0.00,0,0,0,-,-,0,0,-,0,0,0,0,-,0,-,0,-,0,-,-,-,0,-,-,0,-,-,-,0,0,0,0,-,0.0,0.0,-
Joe Reed,LAC,WR,2020,1,41,44,48,87,318,2,2.3%,-,-,0,0,0,0,0,-,-,-,-,0,0,-,0.0,0.00,0,0,0,-,-,-,-,-,-,0,0,0,0.0%,0,-,0,-,0,-,-,-,0,-,0.00,0,0.0%,0.00,-,0,0,0,0,0.00,0.0,0.0,87
John Brown,BUF,WR,2014,1,18,18,30,58,179,47,81.0%,-,-,0,0,0,0,0,-,-,-,-,0,0,-,0.0,0.00,0,0,0,-,-,-,-,-,-,0,1,2,11.1%,0,50%,0,-,21,21.0,10.5,2.0,0,0.0%,1.17,4,2.2%,0.18,5.25,24,1,21,0,0.36,3.1,0.6,71
John Hightower,PHI,WR,2020,1,26,28,26,63,0,10,15.9%,-,-,0,0,0,0,0,-,-,-,-,0,0,-,0.0,0.00,0,0,0,-,-,-,-,-,-,0,0,2,7.7%,0,0%,0,-,0,-,0.0,0.0,0,-,0.00,0,-,-,-,0,0,0,0,0.00,0.0,0.0,88
John Ross,CIN,WR,2017,0,0,0,0,0,0,0,-,-,-,0,0,0,0,0,-,-,-,-,0,0,-,0.0,0.00,0,0,0,-,-,-,-,-,-,0,0,0,-,0,-,0,-,0,-,-,-,0,-,-,0,-,-,-,0,0,0,0,-,0.0,0.0,-
Jonathan Taylor,IND,RB,2020,1,34,34,46,77,224,26,33.8%,30.4%,11.2,0,0,0,0,0,-,-,-,-,0,0,-,0.0,0.00,11,22,0,0.0%,2.0,0,0,0.0%,0,0,2,3,8.8%,0,67%,0,-,9,4.5,3.0,-1.0,0,0.0%,0.26,-3,-1.3%,0.12,-3.00,9,13,31,0,0.40,5.1,-8.5,45
Jonnu Smith,TEN,TE,2017,1,29,30,30,62,259,50,80.6%,-,-,0,0,0,0,0,-,-,-,-,0,0,-,0.0,0.00,0,0,0,-,-,-,-,-,-,0,2,2,6.9%,0,100%,0,-,29,14.5,14.5,8.0,0,0.0%,0.97,16,6.2%,0.15,1.81,13,2,29,0,0.47,4.9,1.9,21
Jordan Akins,HOU,TE,2018,0,0,0,0,0,0,0,-,-,-,0,0,0,0,0,-,-,-,-,0,0,-,0.0,0.00,0,0,0,-,-,-,-,-,-,0,0,0,-,0,-,0,-,0,-,-,-,0,-,-,0,-,-,-,0,0,0,0,-,0.0,0.0,-
Jordan Howard,MIA,RB,2016,0,0,0,0,0,0,0,-,-,0.0,0,0,0,0,0,-,-,-,-,0,0,-,0.0,0.00,0,0,0,-,-,0,0,-,0,0,0,0,-,0,-,0,-,0,-,-,-,0,-,-,0,-,-,-,0,0,0,0,-,0.0,0.0,-
Jordan Reed,SF,TE,2013,0,0,0,0,0,0,0,-,-,-,0,0,0,0,0,-,-,-,-,0,0,-,0.0,0.00,0,0,0,-,-,-,-,-,-,0,0,0,-,0,-,0,-,0,-,-,-,0,-,-,0,-,-,-,0,0,0,0,-,0.0,0.0,-
Jordan Wilkins,IND,RB,2020,1,34,34,46,77,224,39,50.6%,45.7%,13.2,0,0,0,0,0,-,-,-,-,0,0,-,0.0,0.00,20,89,1,5.0%,4.5,0,0,0.0%,0,0,1,1,2.9%,0,100%,0,-,24,24.0,24.0,2.0,0,0.0%,0.71,2,0.9%,0.05,12.00,22,21,113,1,1.47,18.3,4.3,6
Josh Adams,NYJ,RB,2018,0,0,0,0,0,0,0,-,-,0.0,0,0,0,0,0,-,-,-,-,0,0,-,0.0,0.00,0,0,0,-,-,0,0,-,0,0,0,0,-,0,-,0,-,0,-,-,-,0,-,-,0,-,-,-,0,0,0,0,-,0.0,0.0,-
Josh Allen,BUF,QB,2018,1,18,18,30,58,179,58,100.0%,-,-,11,18,154,0,1,61.1%,0.0%,8.6,6.1,179,71,9.9,65.5,3.2,10,23,1,10.0%,2.3,-,-,-,-,0,0,0,0.0%,-,-,-,-,0,-,-,-,0,-,0.00,0,0.0%,0.00,-,0,10,23,1,0.40,12.5,-2.5,21
Josh Jacobs,LV,RB,2019,1,22,24,42,72,141,48,66.7%,76.2%,19.6,0,0,0,0,0,-,-,-,-,0,0,-,0.0,0.00,31,128,0,0.0%,4.1,0,0,0.0%,0,0,0,1,4.5%,0,0%,0,-,0,-,0.0,0.0,0,-,0.00,0,0.0%,0.07,-,0,31,128,0,1.78,12.8,-12.1,19
Josh Reynolds,LAR,WR,2017,1,58,61,33,95,378,77,81.1%,-,-,0,0,0,0,0,-,-,-,-,0,0,-,0.0,0.00,0,0,0,-,-,-,-,-,-,0,4,9,15.5%,0,44%,0,-,44,11.0,4.9,9.4,0,0.0%,0.72,85,22.5%,0.39,0.52,34,4,44,0,0.46,8.4,-6.6,47
Joshua Kelley,LAC,RB,2020,1,41,44,48,87,318,21,24.1%,16.7%,5.7,0,0,0,0,0,-,-,-,-,0,0,-,0.0,0.00,7,32,0,0.0%,4.6,0,0,0.0%,0,0,1,1,2.4%,0,100%,0,-,-7,-7.0,-7.0,-5.0,0,0.0%,-0.16,-5,-1.6%,0.03,1.40,-2,8,25,0,0.29,3.5,-2.4,52
Josiah Deguara,GB,TE,2020,0,0,0,0,0,0,0,-,-,-,0,0,0,0,0,-,-,-,-,0,0,-,0.0,0.00,0,0,0,-,-,-,-,-,-,0,0,0,-,0,-,0,-,0,-,-,-,0,-,-,0,-,-,-,0,0,0,0,-,0.0,0.0,-
Juju Smith-Schuster,PIT,WR,2017,1,32,32,21,53,232,41,77.4%,-,-,0,0,0,0,0,-,-,-,-,0,0,-,0.0,0.00,0,0,0,-,-,-,-,-,-,0,7,8,25.0%,0,88%,0,-,67,9.6,8.4,5.5,0,0.0%,2.09,44,19.0%,0.51,1.52,32,7,67,0,1.26,13.7,-0.7,28
Julian Edelman,NE,WR,2009,0,0,0,0,0,0,0,-,-,-,0,0,0,0,0,-,-,-,-,0,0,-,0.0,0.00,0,0,0,-,-,-,-,-,-,0,0,0,-,0,-,0,-,0,-,-,-,0,-,-,0,-,-,-,0,0,0,0,-,0.0,0.0,-
Julio Jones,ATL,WR,2011,1,30,30,34,70,258,58,82.9%,-,-,0,0,0,0,0,-,-,-,-,0,0,-,0.0,0.00,0,0,0,-,-,-,-,-,-,0,7,10,33.3%,0,70%,0,-,137,19.6,13.7,15.1,0,0.0%,4.57,151,58.5%,0.91,0.91,28,7,137,0,1.96,20.7,3.1,13
Justin Herbert,LAC,QB,2020,1,41,44,48,87,318,87,100.0%,-,-,29,43,278,3,2,67.4%,7.0%,6.5,5.8,303,160,7.0,89.1,8.1,3,21,0,0.0%,7.0,-,-,-,-,0,0,0,0.0%,-,-,-,-,0,-,-,-,0,-,0.00,0,0.0%,0.00,-,0,3,21,0,0.24,21.2,3.2,6
Justin Jackson,LAC,RB,2018,1,41,44,48,87,318,41,47.1%,45.8%,17.8,0,0,0,0,0,-,-,-,-,0,0,-,0.0,0.00,17,89,0,0.0%,5.2,0,0,0.0%,0,0,3,5,12.2%,0,60%,0,-,53,17.7,10.6,4.4,0,0.0%,1.20,22,6.9%,0.23,2.41,41,20,142,0,1.63,17.2,1.9,8
Justin Jefferson,MIN,WR,2020,1,14,14,37,52,25,34,65.4%,-,-,0,0,0,0,0,-,-,-,-,0,0,-,0.0,0.00,0,0,0,-,-,-,-,-,-,0,3,4,28.6%,0,75%,0,-,26,8.7,6.5,4.3,0,0.0%,1.86,17,68.0%,0.90,1.53,14,3,26,0,0.50,5.6,-0.7,60
Justin Watson,TB,WR,2018,1,40,40,33,0,0,0,-,-,-,0,0,0,0,0,-,-,-,-,0,0,-,0.0,0.00,0,0,0,-,-,-,-,-,-,0,0,0,0.00%,0,-,0,-,0,-,-,-,0,-,0.00,0,-,-,-,0,0,0,0,-,0.0,0.0,89
Kalen Ballage,NYJ,RB,2018,0,0,0,0,0,0,0,-,-,0.0,0,0,0,0,0,-,-,-,-,0,0,-,0.0,0.00,0,0,0,-,-,0,0,-,0,0,0,0,-,0,-,0,-,0,-,-,-,0,-,-,0,-,-,-,0,0,0,0,-,0.0,0.0,-
Kareem Hunt,CLE,RB,2017,1,25,25,21,49,109,42,85.7%,81.0%,12.9,0,0,0,0,0,-,-,-,-,0,0,-,0.0,0.00,14,66,0,0.0%,4.7,0,0,0.0%,0,0,2,3,12.0%,0,67%,0,-,7,3.5,2.3,-3.3,0,0.0%,0.28,-10,-9.2%,0.12,-0.70,17,16,73,0,1.49,9.3,-1.6,28
Ke'Shawn Vaughn,TB,RB,2020,1,40,40,33,0,0,0,-,0.00%,0.0,0,0,0,0,0,-,-,-,-,0,0,-,0.0,0.00,0,0,0,-,-,0,0,-,-,0,0,0,0.00%,0,-,0,-,0,-,-,-,0,-,0.00,0,-,-,-,0,0,0,0,-,0.0,0.0,66
Keelan Cole,JAC,WR,2017,0,0,0,0,0,0,0,-,-,-,0,0,0,0,0,-,-,-,-,0,0,-,0.0,0.00,0,0,0,-,-,-,-,-,-,0,0,0,-,0,-,0,-,0,-,-,-,0,-,-,0,-,-,-,0,0,0,0,-,0.0,0.0,-
Keenan Allen,LAC,WR,2013,1,41,44,48,87,318,85,97.7%,-,-,0,1,0,0,0,0.0%,0.0%,0.0,0.0,15,0,15.0,39.6,0.00,0,0,0,-,-,-,-,-,-,0,9,11,26.8%,0,82%,0,-,67,7.4,6.1,7.7,1,11.1%,1.52,85,26.7%,0.59,0.79,12,9,67,1,0.77,21.7,2.7,9
Kendrick Bourne,SF,WR,2017,1,40,41,25,70,291,60,85.7%,-,-,0,0,0,0,0,-,-,-,-,0,0,-,0.0,0.00,0,0,0,-,-,-,-,-,-,0,8,10,25.0%,0,80%,0,-,81,10.1,8.1,7.3,0,0.0%,1.98,73,25.1%,0.55,1.11,24,8,81,0,1.16,16.1,-0.9,21
Kenny Golladay,DET,WR,2017,1,40,42,19,61,398,18,29.5%,-,-,0,0,0,0,0,-,-,-,-,0,0,-,0.0,0.00,0,0,0,-,-,-,-,-,-,0,0,4,10.0%,0,0%,0,-,0,-,0.0,13.5,0,-,0.00,54,13.6%,0.24,0.00,0,0,0,0,0.00,0.0,-6.3,90
Kenny Stills,HOU,WR,2013,0,0,0,0,0,0,0,-,-,-,0,0,0,0,0,-,-,-,-,0,0,-,0.0,0.00,0,0,0,-,-,-,-,-,-,0,0,0,-,0,-,0,-,0,-,-,-,0,-,-,0,-,-,-,0,0,0,0,-,0.0,0.0,-
Kenyan Drake,ARI,RB,2016,0,0,0,0,0,0,0,-,-,0.0,0,0,0,0,0,-,-,-,-,0,0,-,0.0,0.00,0,0,0,-,-,0,0,-,0,0,0,0,-,0,-,0,-,0,-,-,-,0,-,-,0,-,-,-,0,0,0,0,-,0.0,0.0,-
Kerryon Johnson,DET,RB,2018,1,40,42,19,61,398,11,18.0%,10.5%,3.2,0,0,0,0,0,-,-,-,-,0,0,-,0.0,0.00,0,0,0,-,-,0,0,0.0%,0,0,2,2,5.0%,0,100%,0,-,15,7.5,7.5,-0.5,1,50.0%,0.36,-1,-0.3%,0.07,-15.00,16,2,15,1,0.25,9.5,5.6,27
Kirk Cousins,MIN,QB,2012,1,14,14,37,52,25,52,100.0%,-,-,11,14,160,1,0,78.6%,7.1%,11.4,12.9,25,29,1.8,138.1,-0.4,0,0,0,-,-,-,-,-,-,0,0,0,0.0%,-,-,-,-,0,-,-,-,0,-,0.00,0,0.0%,0.00,-,0,0,0,0,0.00,10.4,6.6,23
KJ Hamler,DEN,WR,2020,1,38,41,24,65,309,52,80.0%,-,-,0,0,0,0,0,-,-,-,-,0,0,-,0.0,0.00,0,0,0,-,-,-,-,-,-,0,3,3,7.9%,0,100%,0,-,13,4.3,4.3,3.3,1,33.3%,0.32,10,3.2%,0.14,1.30,3,3,13,1,0.20,10.3,4.0,40
Kyle Allen,WAS,QB,2018,0,0,0,0,0,0,0,-,-,-,0,0,0,0,0,-,-,-,-,0,0,-,0.0,0.0,0,0,0,-,-,-,-,-,-,0,0,0,-,-,-,-,-,0,-,-,-,0,-,-,0,-,-,-,0,0,0,0,-,0.0,0.0,-
Kyle Juszczyk,SF,RB,2013,1,40,41,25,70,291,27,38.6%,8.0%,3.2,0,0,0,0,0,-,-,-,-,0,0,-,0.0,0.00,0,0,0,-,-,0,0,0.0%,0,0,2,2,5.0%,0,100%,0,-,21,10.5,10.5,8.5,0,0.0%,0.51,17,5.8%,0.12,1.24,4,2,21,0,0.30,4.1,1.3,48
Kyle Rudolph,MIN,TE,2011,1,14,14,37,52,25,39,75.0%,-,-,0,0,0,0,0,-,-,-,-,0,0,-,0.0,0.00,0,0,0,-,-,-,-,-,-,0,1,1,7.1%,0,100%,0,-,12,12.0,12.0,1.0,0,0.0%,0.86,1,4.0%,0.14,12.00,11,1,12,0,0.23,2.2,0.7,31
Kyler Murray,ARI,QB,2019,0,0,0,0,0,0,0,-,-,-,0,0,0,0,0,-,-,-,-,0,0,-,0.0,0.0,0,0,0,-,-,-,-,-,-,0,0,0,-,-,-,-,-,0,-,-,-,0,-,-,0,-,-,-,0,0,0,0,-,0.0,0.0,-
Lamar Jackson,BAL,QB,2018,1,26,28,34,82,232,82,100.0%,-,-,13,28,208,2,2,46.4%,7.1%,7.4,5.6,232,131,8.3,65.8,-11.7,16,65,0,0.0%,4.1,-,-,-,-,2,0,0,0.0%,-,-,-,-,0,-,-,-,0,-,0.00,0,0.0%,0.00,-,0,16,65,0,0.79,14.8,-4.7,18
Lamical Perine,NYJ,RB,2020,1,28,30,24,57,194,28,49.1%,41.7%,7.8,0,0,0,0,0,-,-,-,-,0,0,-,0.0,0.00,8,27,0,0.0%,3.4,-,-,-,-,0,2,2,7.1%,-,100%,0,-,6,3.0,3.0,0.0,0,0.0%,0.20,0,0.0%,0.11,-,0,10,33,0,0.58,5.3,-0.8,44
Larry Fitzgerald,ARI,WR,2004,0,0,0,0,0,0,0,-,-,-,0,0,0,0,0,-,-,-,-,0,0,-,0.0,0.00,0,0,0,-,-,-,-,-,-,0,0,0,-,0,-,0,-,0,-,-,-,0,-,-,0,-,-,-,0,0,0,0,-,0.0,0.0,-
Latavius Murray,NO,RB,2013,1,41,41,35,74,190,18,24.3%,31.4%,9.4,0,0,0,0,0,-,-,-,-,0,0,-,0.0,0.00,8,17,0,0.0%,2.1,0,0,0.0%,0,0,3,3,7.3%,0,100%,0,-,14,4.7,4.7,-0.3,0,0.0%,0.34,-1,-0.5%,0.11,-14.00,15,11,31,0,0.42,6.1,-1.6,39
Laviska Shenault,JAC,WR,2020,0,0,0,0,0,0,0,-,-,-,0,0,0,0,0,-,-,-,-,0,0,-,0.0,0.00,0,0,0,-,-,-,-,-,-,0,0,0,-,0,-,0,-,0,-,-,-,0,-,-,0,-,-,-,0,0,0,0,-,0.0,0.0,-
Le'Veon Bell,KC,RB,2013,1,47,47,27,66,338,17,25.8%,33.3%,8.3,0,0,0,0,0,-,-,-,-,0,0,-,0.0,0.00,6,7,0,0.0%,1.2,0,0,0.0%,0,0,3,3,6.4%,0,100%,0,-,31,10.3,10.3,-2.7,0,0.0%,0.66,-8,-2.4%,0.08,-3.88,39,9,38,0,0.58,6.8,0.1,36
Leonard Fournette,TB,RB,2017,1,40,40,33,0,0,0,-,63.60%,18.2,0,0,0,0,0,-,-,-,-,0,0,-,0.0,0.00,15,52,0,0.00%,3.5,0,0,0.00%,0,0,3,6,15.00%,0,50%,0,-,19,6.3,3.2,0.0,0,0.00%,0.48,0,-,-,-,0,18,71,0,-,10.1,0.0,25
LeSean McCoy,TB,RB,2009,0,0,0,0,0,0,0,-,-,0.0,0,0,0,0,0,-,-,-,-,0,0,-,0.0,0.00,0,0,0,-,-,0,0,-,0,0,0,0,-,0,-,0,-,0,-,-,-,0,-,-,0,-,-,-,0,0,0,0,-,0.0,0.0,-
Logan Thomas,WAS,TE,2014,0,0,0,0,0,0,0,-,-,-,0,0,0,0,0,-,-,-,-,0,0,-,0.0,0.00,0,0,0,-,-,-,-,-,-,0,0,0,-,0,-,0,-,0,-,-,-,0,-,-,0,-,-,-,0,0,0,0,-,0.0,0.0,-
Lynn Bowden,MIA,WR,2020,0,0,0,0,0,0,0,-,-,-,0,0,0,0,0,-,-,-,-,0,0,-,0.0,0.00,0,0,0,-,-,-,-,-,-,0,0,0,-,0,-,0,-,0,-,-,-,0,-,-,0,-,-,-,0,0,0,0,-,0.0,0.0,-
Malcolm Brown,LAR,RB,2015,1,58,61,33,95,378,57,60.0%,36.4%,9.0,0,0,0,0,0,-,-,-,-,0,0,-,0.0,0.00,10,40,0,0.0%,4.0,0,0,0.0%,0,0,2,2,3.4%,0,100%,0,-,17,8.5,8.5,3.0,0,0.0%,0.28,6,1.6%,0.06,2.83,11,12,57,0,0.60,7.7,0.5,34
Marcus Johnson,IND,WR,2017,1,34,34,46,77,224,48,62.3%,-,-,0,0,0,0,0,-,-,-,-,0,0,-,0.0,0.00,0,0,0,-,-,-,-,-,-,0,2,4,11.8%,0,50%,0,-,39,19.5,9.8,12.3,0,0.0%,1.15,49,21.9%,0.33,0.80,8,2,39,0,0.51,5.9,-0.5,58
Mark Andrews,BAL,TE,2018,1,26,28,34,82,232,51,62.2%,-,-,0,0,0,0,0,-,-,-,-,0,0,-,0.0,0.00,0,0,0,-,-,-,-,-,-,0,3,6,23.1%,0,50%,0,-,32,10.7,5.3,7.3,0,0.0%,1.14,44,19.0%,0.48,0.73,13,3,32,0,0.39,6.2,-3.1,17
Mark Ingram,BAL,RB,2011,0,0,0,0,0,0,0,-,-,0.0,0,0,0,0,0,-,-,-,-,0,0,-,0.0,0.00,0,0,0,-,-,0,0,-,0,0,0,0,-,0,-,0,-,0,-,-,-,0,-,-,0,-,-,-,0,0,0,0,-,0.0,0.0,-
Marlon Mack,IND,RB,2017,0,0,0,0,0,0,0,-,-,0.0,0,0,0,0,0,-,-,-,-,0,0,-,0.0,0.00,0,0,0,-,-,0,0,-,0,0,0,0,-,0,-,0,-,0,-,-,-,0,-,-,0,-,-,-,0,0,0,0,-,0.0,0.0,-
Marquez Callaway,NO,WR,2020,0,0,0,0,0,0,0,-,-,-,0,0,0,0,0,-,-,-,-,0,0,-,0.0,0.00,0,0,0,-,-,-,-,-,-,0,0,0,-,0,-,0,-,0,-,-,-,0,-,-,0,-,-,-,0,0,0,0,-,0.0,0.0,-
Marquez Valdes-Scantling,GB,WR,2018,1,39,41,30,75,311,62,82.7%,-,-,0,0,0,0,0,-,-,-,-,0,0,-,0.0,0.00,1,4,0,0.0%,4.0,-,-,-,-,0,1,1,2.6%,0,100%,0,-,19,19.0,19.0,18.0,0,0.0%,0.46,18,5.8%,0.08,1.06,1,2,23,0,0.31,3.3,1.5,70
Marquise Brown,BAL,WR,2019,1,26,28,34,82,232,77,93.9%,-,-,0,0,0,0,0,-,-,-,-,0,0,-,0.0,0.00,0,0,0,-,-,-,-,-,-,0,1,2,7.7%,0,50%,0,-,3,3.0,1.5,3.0,1,100.0%,0.11,6,2.6%,0.13,0.50,0,1,3,1,0.04,7.3,0.9,52
Marvin Hall,DET,WR,2017,1,40,42,19,61,398,42,68.9%,-,-,0,0,0,0,0,-,-,-,-,0,0,-,0.0,0.00,0,0,0,-,-,-,-,-,-,0,4,7,17.5%,0,57%,0,-,113,28.3,16.1,16.4,0,0.0%,2.69,115,28.9%,0.46,0.98,20,4,113,0,1.85,15.3,4.2,25
Marvin Jones,DET,WR,2012,1,40,42,19,61,398,60,98.4%,-,-,0,0,0,0,0,-,-,-,-,0,0,-,0.0,0.00,0,0,0,-,-,-,-,-,-,0,3,7,17.5%,0,43%,0,-,39,13.0,5.6,12.0,2,66.7%,0.93,84,21.1%,0.41,0.46,8,3,39,2,0.64,18.9,6.5,16
Matt Breida,MIA,RB,2017,1,22,22,30,49,118,8,16.3%,13.3%,2.3,0,0,0,0,0,-,-,-,-,0,0,-,0.0,0.00,4,13,0,0.0%,3.3,0,0,0.0%,0,0,0,0,0.0%,0,-,0,-,0,-,-,-,0,-,0.00,0,0.0%,0.00,-,0,4,13,0,0.27,1.3,-0.6,59
Matt Ryan,ATL,QB,2008,1,30,30,34,70,258,70,100.0%,-,-,21,30,281,0,1,70.0%,0.0%,9.4,7.9,258,191,8.6,85.6,4.8,6,27,1,16.7%,4.5,-,-,-,-,0,0,0,0.0%,-,-,-,-,0,-,-,-,0,-,0.00,0,0.0%,0.00,-,0,6,27,1,0.39,17.9,2.6,11
Matthew Stafford,DET,QB,2009,1,40,42,19,61,398,61,100.0%,-,-,24,42,336,3,1,57.1%,7.1%,8.0,8.4,398,194,9.5,96.9,-10.1,1,10,0,0.0%,10.0,-,-,-,-,1,0,0,0.0%,-,-,-,-,0,-,-,-,0,-,0.00,0,0.0%,0.00,-,0,1,10,0,0.16,22.4,8.1,4
Maxx Williams,ARI,TE,2015,0,0,0,0,0,0,0,-,-,-,0,0,0,0,0,-,-,-,-,0,0,-,0.0,0.00,0,0,0,-,-,-,-,-,-,0,0,0,-,0,-,0,-,0,-,-,-,0,-,-,0,-,-,-,0,0,0,0,-,0.0,0.0,-
Mecole Hardman,KC,WR,2019,1,47,47,27,66,338,45,68.2%,-,-,0,0,0,0,0,-,-,-,-,0,0,-,0.0,0.00,0,0,0,-,-,-,-,-,-,0,7,9,19.1%,0,78%,0,-,96,13.7,10.7,6.7,1,14.3%,2.04,60,17.8%,0.41,1.60,57,7,96,1,1.45,22.6,8.4,7
Melvin Gordon,DEN,RB,2015,1,38,41,24,65,309,36,55.4%,62.5%,15.8,0,0,0,0,0,-,-,-,-,0,0,-,0.0,0.00,8,26,0,0.0%,3.3,0,0,0.0%,0,0,6,7,18.4%,0,86%,0,-,21,3.5,3.0,0.9,0,0.0%,0.51,6,1.9%,0.29,3.50,15,14,47,0,0.72,10.7,-2.7,21
Michael Gallup,DAL,WR,2018,1,38,40,33,79,0,69,87.3%,-,-,0,0,0,0,0,-,-,-,-,0,0,-,0.0,0.00,0,0,0,-,-,-,-,-,-,0,7,12,31.6%,0,58%,0,-,61,8.7,5.1,0.0,0,0.0%,1.53,0,-,-,-,0,7,61,0,0.77,13.1,0.0,32
Michael Pittman,IND,WR,2020,1,34,34,46,77,224,45,58.4%,-,-,0,0,0,0,0,-,-,-,-,0,0,-,0.0,0.00,0,0,0,-,-,-,-,-,-,0,1,1,2.9%,0,100%,0,-,6,6.0,6.0,2.0,0,0.0%,0.18,2,0.9%,0.05,3.00,4,1,6,0,0.08,1.6,0.2,78
Michael Thomas,NO,WR,2016,0,0,0,0,0,0,0,-,-,-,0,0,0,0,0,-,-,-,-,0,0,-,0.0,0.00,0,0,0,-,-,-,-,-,-,0,0,0,-,0,-,0,-,0,-,-,-,0,-,-,0,-,-,-,0,0,0,0,-,0.0,0.0,-
Mike Davis,CAR,RB,2015,1,26,27,17,54,221,46,85.2%,88.2%,10.7,0,0,0,0,0,-,-,-,-,0,0,-,0.0,0.00,13,66,0,0.0%,5.1,0,0,0.0%,0,0,1,2,7.7%,0,50%,0,-,11,11.0,5.5,-3.5,0,0.0%,0.41,-7,-3.2%,0.09,-1.57,14,14,77,0,1.43,8.7,-0.7,30
Mike Evans,TB,WR,2014,1,40,40,33,0,0,0,-,-,-,0,0,0,0,0,-,-,-,-,0,0,-,0.0,0.00,0,0,0,-,-,-,-,-,-,0,5,7,17.50%,0,71%,0,-,55,11.0,7.9,0.0,1,20.00%,1.38,0,-,-,-,0,5,55,1,-,16.5,0.0,19
Mike Gesicki,MIA,TE,2018,1,22,22,30,49,118,28,57.1%,-,-,0,0,0,0,0,-,-,-,-,0,0,-,0.0,0.00,0,0,0,-,-,-,-,-,-,0,1,2,9.1%,0,50%,0,-,8,8.0,4.0,21.0,0,0.0%,0.36,42,35.6%,0.39,0.19,0,1,8,0,0.16,1.8,-0.9,32
Mike Thomas,CIN,WR,2016,1,35,37,34,73,225,6,8.2%,-,-,0,0,0,0,0,-,-,-,-,0,0,-,0.0,0.00,0,0,0,-,-,-,-,-,-,0,0,0,0.0%,0,-,0,-,0,-,-,-,0,-,0.00,0,0.0%,0.00,-,0,0,0,0,0.00,0.0,0.0,91
Mike Williams,LAC,WR,2017,1,41,44,48,87,318,76,87.4%,-,-,0,0,0,0,0,-,-,-,-,0,0,-,0.0,0.00,1,1,0,0.0%,1.0,-,-,-,-,0,5,8,19.5%,0,63%,0,-,99,19.8,12.4,16.8,1,20.0%,2.25,134,42.1%,0.59,0.74,6,6,100,1,1.15,21.0,7.7,11
Miles Boykin,BAL,WR,2019,1,26,28,34,82,232,33,40.2%,-,-,0,0,0,0,0,-,-,-,-,0,0,-,0.0,0.00,0,0,0,-,-,-,-,-,-,0,2,3,11.5%,0,67%,0,-,20,10.0,6.7,9.0,1,50.0%,0.71,27,11.6%,0.25,0.74,1,2,20,1,0.24,10.0,3.9,41
Miles Sanders,PHI,RB,2019,0,0,0,0,0,0,0,-,-,0.0,0,0,0,0,0,-,-,-,-,0,0,-,0.0,0.00,0,0,0,-,-,0,0,-,0,0,0,0,-,0,-,0,-,0,-,-,-,0,-,-,0,-,-,-,0,0,0,0,-,0.0,0.0,-
Mitchell Trubisky,CHI,QB,2017,1,41,41,27,70,326,1,1.4%,-,-,0,0,0,0,0,-,-,-,-,0,0,-,0.0,0.0,1,3,0,0.0%,3.0,-,-,-,-,0,0,0,0.0%,-,-,-,-,0,-,-,-,0,-,0.00,0,0.0%,0.00,-,0,1,3,0,0.04,0.3,-0.1,31
Mo Alie-Cox,IND,TE,2017,1,34,34,46,77,224,32,41.6%,-,-,0,0,0,0,0,-,-,-,-,0,0,-,0.0,0.00,0,0,0,-,-,-,-,-,-,0,3,4,11.8%,0,75%,0,-,37,12.3,9.3,7.3,0,0.0%,1.09,29,12.9%,0.27,1.28,5,3,37,0,0.48,6.7,0.1,16
Mycole Pruitt,TEN,TE,2015,1,29,30,30,62,259,16,25.8%,-,-,0,0,0,0,0,-,-,-,-,0,0,-,0.0,0.00,0,0,0,-,-,-,-,-,-,0,0,1,3.4%,0,0%,0,-,0,-,0.0,3.0,0,-,0.00,3,1.2%,0.06,0.00,0,0,0,0,0.00,0.0,-3.3,38
Myles Gaskin,MIA,RB,2019,1,22,22,30,49,118,43,87.8%,80.0%,20.0,0,0,0,0,0,-,-,-,-,0,0,-,0.0,0.00,18,47,1,5.6%,2.6,0,0,0.0%,0,1,3,6,27.3%,0,50%,0,-,16,5.3,2.7,-0.5,0,0.0%,0.73,-3,-2.5%,0.39,-5.33,15,21,63,1,1.29,13.3,-5.1,17
N'Keal Harry,NE,WR,2019,0,0,0,0,0,0,0,-,-,-,0,0,0,0,0,-,-,-,-,0,0,-,0.0,0.00,0,0,0,-,-,-,-,-,-,0,0,0,-,0,-,0,-,0,-,-,-,0,-,-,0,-,-,-,0,0,0,0,-,0.0,0.0,-
Nelson Agholor,LV,WR,2015,1,22,24,42,72,141,56,77.8%,-,-,0,0,0,0,0,-,-,-,-,0,0,-,0.0,0.00,0,0,0,-,-,-,-,-,-,0,0,2,9.1%,0,0%,0,-,0,-,0.0,5.5,0,-,0.00,11,7.8%,0.19,0.00,0,0,0,0,0.00,0.0,-4.8,92
Nick Chubb,CLE,RB,2018,0,0,0,0,0,0,0,-,-,0.0,0,0,0,0,0,-,-,-,-,0,0,-,0.0,0.00,0,0,0,-,-,0,0,-,0,0,0,0,-,0,-,0,-,0,-,-,-,0,-,-,0,-,-,-,0,0,0,0,-,0.0,0.0,-
Nick Foles,CHI,QB,2012,1,41,41,27,70,326,69,98.6%,-,-,28,41,272,2,1,68.3%,4.9%,6.6,6.5,326,208,8.0,92.7,-0.8,0,0,0,-,-,-,-,-,-,0,0,0,0.0%,-,-,-,-,0,-,-,-,0,-,0.00,0,0.0%,0.00,-,0,0,0,0,0.00,16.9,1.8,14
Nick Mullens,SF,QB,2017,1,40,41,25,70,291,29,41.4%,-,-,18,25,238,2,0,72.0%,8.0%,9.5,11.1,185,148,7.4,128.4,10.9,0,0,0,-,-,-,-,-,-,0,0,0,0.0%,-,-,-,-,0,-,-,-,0,-,0.00,0,0.0%,0.00,-,0,0,0,0,0.00,17.5,4.5,12
Nick Vannett,DEN,TE,2016,1,38,41,24,65,309,11,16.9%,-,-,0,0,0,0,0,-,-,-,-,0,0,-,0.0,0.00,0,0,0,-,-,-,-,-,-,0,0,0,0.0%,0,-,0,-,0,-,-,-,0,-,0.00,0,0.0%,0.00,-,0,0,0,0,0.00,0.0,0.0,39
Noah Brown,DAL,WR,2017,1,38,40,33,79,0,16,20.3%,-,-,0,0,0,0,0,-,-,-,-,0,0,-,0.0,0.00,0,0,0,-,-,-,-,-,-,0,0,2,5.3%,0,0%,0,-,0,-,0.0,0.0,0,-,0.00,0,-,-,-,0,0,0,0,0.00,0.0,0.0,93
Noah Fant,DEN,TE,2019,1,38,41,24,65,309,51,78.5%,-,-,0,0,0,0,0,-,-,-,-,0,0,-,0.0,0.00,0,0,0,-,-,-,-,-,-,0,7,9,23.7%,0,78%,0,-,47,6.7,5.2,7.2,0,0.0%,1.15,65,21.0%,0.50,0.72,28,7,47,0,0.72,11.7,-1.6,8
Nyheim Hines,IND,RB,2018,1,34,34,46,77,224,16,20.8%,21.7%,10.9,0,0,0,0,0,-,-,-,-,0,0,-,0.0,0.00,5,8,0,0.0%,1.6,0,0,0.0%,0,0,3,5,14.7%,0,60%,0,-,54,18.0,10.8,8.2,2,66.7%,1.59,41,18.3%,0.35,1.32,29,8,62,2,0.81,21.2,10.9,4
Odell Beckham,CLE,WR,2014,0,0,0,0,0,0,0,-,-,-,0,0,0,0,0,-,-,-,-,0,0,-,0.0,0.00,0,0,0,-,-,-,-,-,-,0,0,0,-,0,-,0,-,0,-,-,-,0,-,-,0,-,-,-,0,0,0,0,-,0.0,0.0,-
OJ Howard,TB,TE,2017,0,0,0,0,0,0,0,-,-,-,0,0,0,0,0,-,-,-,-,0,0,-,0.0,0.00,0,0,0,-,-,-,-,-,-,0,0,0,-,0,-,0,-,0,-,-,-,0,-,-,0,-,-,-,0,0,0,0,-,0.0,0.0,-
Olabisi Johnson,MIN,WR,2019,1,14,14,37,52,25,2,3.8%,-,-,0,0,0,0,0,-,-,-,-,0,0,-,0.0,0.00,0,0,0,-,-,-,-,-,-,0,0,0,0.0%,0,-,0,-,0,-,-,-,0,-,0.00,0,0.0%,0.00,-,0,0,0,0,0.00,0.0,0.0,94
Olamide Zaccheaus,ATL,WR,2019,1,30,30,34,70,258,9,12.9%,-,-,0,0,0,0,0,-,-,-,-,0,0,-,0.0,0.00,0,0,0,-,-,-,-,-,-,0,0,0,0.0%,0,-,0,-,0,-,-,-,0,-,0.00,0,0.0%,0.00,-,0,0,0,0,0.00,0.0,0.0,95
Parris Campbell,IND,WR,2019,0,0,0,0,0,0,0,-,-,-,0,0,0,0,0,-,-,-,-,0,0,-,0.0,0.00,0,0,0,-,-,-,-,-,-,0,0,0,-,0,-,0,-,0,-,-,-,0,-,-,0,-,-,-,0,0,0,0,-,0.0,0.0,-
Patrick Laird,MIA,RB,2019,1,22,22,30,49,118,0,0.0%,0.0%,0.0,0,0,0,0,0,-,-,-,-,0,0,-,0.0,0.00,0,0,0,-,-,0,0,-,0,0,0,0,0.0%,0,-,0,-,0,-,-,-,0,-,0.00,0,0.0%,0.00,-,0,0,0,0,0.00,0.0,0.0,67
Patrick Mahomes,KC,QB,2017,1,47,47,27,66,338,54,81.8%,-,-,31,42,416,5,0,73.8%,11.9%,9.9,12.3,388,218,9.2,144.4,8.2,0,0,0,-,-,-,-,-,-,0,0,0,0.0%,-,-,-,-,0,-,-,-,0,-,0.00,0,0.0%,0.00,-,0,0,0,0,0.00,36.6,22.3,1
Peyton Barber,WAS,RB,2016,0,0,0,0,0,0,0,-,-,0.0,0,0,0,0,0,-,-,-,-,0,0,-,0.0,0.00,0,0,0,-,-,0,0,-,0,0,0,0,-,0,-,0,-,0,-,-,-,0,-,-,0,-,-,-,0,0,0,0,-,0.0,0.0,-
Philip Rivers,IND,QB,2004,1,34,34,46,77,224,77,100.0%,-,-,23,33,262,3,0,69.7%,9.1%,7.9,9.8,211,119,6.4,123.5,-3.6,2,-2,0,0.0%,-1.0,-,-,-,-,0,0,0,0.0%,-,-,-,-,0,-,-,-,0,-,0.00,0,0.0%,0.00,-,0,2,-2,0,-0.03,22.3,7.7,5
Phillip Lindsay,DEN,RB,2018,1,38,41,24,65,309,29,44.6%,37.5%,8.3,0,0,0,0,0,-,-,-,-,0,0,-,0.0,0.00,6,83,1,16.7%,13.8,0,0,0.0%,0,0,1,3,7.9%,0,33%,0,-,3,3.0,1.0,-1.0,0,0.0%,0.07,-3,-1.0%,0.11,-1.00,3,7,86,1,1.32,15.6,8.5,11
Preston Williams,MIA,WR,2019,1,22,22,30,49,118,44,89.8%,-,-,0,0,0,0,0,-,-,-,-,0,0,-,0.0,0.00,0,0,0,-,-,-,-,-,-,0,2,5,22.7%,0,40%,0,-,15,7.5,3.0,10.6,0,0.0%,0.68,53,44.9%,0.66,0.28,6,2,15,0,0.31,3.5,-4.8,69
Quintez Cephus,DET,WR,2020,0,0,0,0,0,0,0,-,-,-,0,0,0,0,0,-,-,-,-,0,0,-,0.0,0.00,0,0,0,-,-,-,-,-,-,0,0,0,-,0,-,0,-,0,-,-,-,0,-,-,0,-,-,-,0,0,0,0,-,0.0,0.0,-
Raheem Mostert,SF,RB,2015,0,0,0,0,0,0,0,-,-,0.0,0,0,0,0,0,-,-,-,-,0,0,-,0.0,0.00,0,0,0,-,-,0,0,-,0,0,0,0,-,0,-,0,-,0,-,-,-,0,-,-,0,-,-,-,0,0,0,0,-,0.0,0.0,-
Randall Cobb,HOU,WR,2011,0,0,0,0,0,0,0,-,-,-,0,0,0,0,0,-,-,-,-,0,0,-,0.0,0.00,0,0,0,-,-,-,-,-,-,0,0,0,-,0,-,0,-,0,-,-,-,0,-,-,0,-,-,-,0,0,0,0,-,0.0,0.0,-
Reggie Bonnafon,CAR,RB,2018,0,0,0,0,0,0,0,-,-,0.0,0,0,0,0,0,-,-,-,-,0,0,-,0.0,0.00,0,0,0,-,-,0,0,-,0,0,0,0,-,0,-,0,-,0,-,-,-,0,-,-,0,-,-,-,0,0,0,0,-,0.0,0.0,-
Rex Burkhead,NE,RB,2013,1,23,25,30,65,156,32,49.2%,23.3%,5.1,0,0,0,0,0,-,-,-,-,0,0,-,0.0,0.00,6,26,0,0.0%,4.3,0,0,0.0%,0,0,1,1,4.3%,0,100%,0,-,5,5.0,5.0,-3.0,0,0.0%,0.20,-3,-1.9%,0.05,-1.67,8,7,31,0,0.48,4.1,0.1,49
Rob Gronkowski,TB,TE,2010,1,40,40,33,0,0,0,-,-,-,0,0,0,0,0,-,-,-,-,0,0,-,0.0,0.00,0,0,0,-,-,-,-,-,-,0,4,4,10.00%,0,100%,0,-,41,10.3,10.3,0.0,1,25.00%,1.03,0,-,-,-,0,4,41,1,-,14.1,0.0,4
Robby Anderson,CAR,WR,2016,1,26,27,17,54,221,45,83.3%,-,-,0,0,0,0,0,-,-,-,-,0,0,-,0.0,0.00,0,0,0,-,-,-,-,-,-,0,5,8,30.8%,0,63%,0,-,48,9.6,6.0,8.8,0,0.0%,1.78,70,31.7%,0.68,0.69,20,5,48,0,0.89,9.8,-3.4,42
Robert Tonyan,GB,TE,2017,1,39,41,30,75,311,46,61.3%,-,-,0,0,0,0,0,-,-,-,-,0,0,-,0.0,0.00,0,0,0,-,-,-,-,-,-,0,5,7,17.9%,0,71%,0,-,79,15.8,11.3,7.9,0,0.0%,1.93,55,17.7%,0.39,1.44,39,5,79,0,1.05,12.9,4.0,6
Robert Woods,LAR,WR,2013,1,58,61,33,95,378,88,92.6%,-,-,0,0,0,0,0,-,-,-,-,0,0,-,0.0,0.00,2,9,1,50.0%,4.5,-,-,-,-,0,7,8,13.8%,0,88%,0,-,85,12.1,10.6,5.9,1,14.3%,1.39,47,12.4%,0.29,1.81,43,9,94,2,0.99,28.4,10.1,3
Ronald Jones,TB,RB,2018,1,40,40,33,0,0,0,-,33.30%,10.4,0,0,0,0,0,-,-,-,-,0,0,-,0.0,0.00,7,23,0,0.00%,3.3,0,0,0.00%,0,1,4,4,10.00%,0,100%,0,-,23,5.8,5.8,0.0,0,0.00%,0.58,0,-,-,-,0,11,46,0,-,6.6,0.0,37
Royce Freeman,DEN,RB,2018,1,38,41,24,65,309,0,0.0%,0.0%,0.0,0,0,0,0,0,-,-,-,-,0,0,-,0.0,0.00,0,0,0,-,-,0,0,-,0,0,0,0,0.0%,0,-,0,-,0,-,-,-,0,-,0.00,0,0.0%,0.00,-,0,0,0,0,0.00,0.0,0.0,68
Russell Gage,ATL,WR,2018,1,30,30,34,70,258,39,55.7%,-,-,0,0,0,0,0,-,-,-,-,0,0,-,0.0,0.00,0,0,0,-,-,-,-,-,-,0,2,3,10.0%,0,67%,0,-,25,12.5,8.3,0.3,0,0.0%,0.83,1,0.4%,0.15,25.00,23,2,25,0,0.36,4.5,0.1,64
Russell Wilson,SEA,QB,2012,1,36,37,27,68,260,68,100.0%,-,-,27,37,261,4,0,73.0%,10.8%,7.1,9.2,260,133,7.0,128.3,7.7,6,23,0,0.0%,3.8,-,-,-,-,0,0,0,0.0%,-,-,-,-,0,-,-,-,0,-,0.00,0,0.0%,0.00,-,0,6,23,0,0.34,28.7,4.6,2
Ryan Fitzpatrick,MIA,QB,2005,0,0,0,0,0,0,0,-,-,-,0,0,0,0,0,-,-,-,-,0,0,-,0.0,0.0,0,0,0,-,-,-,-,-,-,0,0,0,-,-,-,-,-,0,-,-,-,0,-,-,0,-,-,-,0,0,0,0,-,0.0,0.0,-
Ryan Izzo,NE,TE,2018,1,23,25,30,65,156,48,73.8%,-,-,0,0,0,0,0,-,-,-,-,0,0,-,0.0,0.00,0,0,0,-,-,-,-,-,-,0,2,3,13.0%,0,67%,0,-,24,12.0,8.0,0.0,0,0.0%,0.96,0,0.0%,0.20,-,0,2,24,0,0.37,4.4,-0.3,22
Ryan Tannehill,TEN,QB,2012,1,29,30,30,62,259,62,100.0%,-,-,18,30,233,2,1,60.0%,6.7%,7.8,7.6,259,155,8.6,92.8,0.3,2,20,0,0.0%,10.0,-,-,-,-,0,0,0,0.0%,-,-,-,-,0,-,-,-,0,-,0.00,0,0.0%,0.00,-,0,2,20,0,0.32,17.3,2.0,13
Sam Darnold,NYJ,QB,2018,1,28,30,24,57,194,57,100.0%,-,-,18,30,133,0,0,60.0%,0.0%,4.4,4.4,194,59,6.5,70.6,-3.6,4,21,0,0.0%,5.3,-,-,-,-,0,0,0,0.0%,-,-,-,-,0,-,-,-,0,-,0.00,0,0.0%,0.00,-,0,4,21,0,0.37,7.4,-5.3,26
Sammy Watkins,KC,WR,2014,0,0,0,0,0,0,0,-,-,-,0,0,0,0,0,-,-,-,-,0,0,-,0.0,0.00,0,0,0,-,-,-,-,-,-,0,0,0,-,0,-,0,-,0,-,-,-,0,-,-,0,-,-,-,0,0,0,0,-,0.0,0.0,-
Saquon Barkley,NYG,RB,2018,0,0,0,0,0,0,0,-,-,0.0,0,0,0,0,0,-,-,-,-,0,0,-,0.0,0.00,0,0,0,-,-,0,0,-,0,0,0,0,-,0,-,0,-,0,-,-,-,0,-,-,0,-,-,-,0,0,0,0,-,0.0,0.0,-
Scott Miller,TB,WR,2019,1,40,40,33,0,0,0,-,-,-,0,0,0,0,0,-,-,-,-,0,0,-,0.0,0.00,0,0,0,-,-,-,-,-,-,0,0,0,0.00%,0,-,0,-,0,-,-,-,0,-,0.00,0,-,-,-,0,0,0,0,-,0.0,0.0,96
Sony Michel,NE,RB,2018,0,0,0,0,0,0,0,-,-,0.0,0,0,0,0,0,-,-,-,-,0,0,-,0.0,0.00,0,0,0,-,-,0,0,-,0,0,0,0,-,0,-,0,-,0,-,-,-,0,-,-,0,-,-,-,0,0,0,0,-,0.0,0.0,-
Stefon Diggs,BUF,WR,2015,1,18,18,30,58,179,53,91.4%,-,-,0,0,0,0,0,-,-,-,-,0,0,-,0.0,0.00,0,0,0,-,-,-,-,-,-,0,6,9,50.0%,0,67%,0,-,92,15.3,10.2,10.6,0,0.0%,5.11,95,53.1%,1.12,0.97,37,6,92,0,1.59,15.2,1.1,26
Sterling Shepard,NYG,WR,2016,1,41,42,26,0,0,0,-,-,-,0,0,0,0,0,-,-,-,-,0,0,-,0.0,0.00,0,0,0,-,-,-,-,-,-,0,8,10,24.40%,0,80%,0,-,74,9.3,7.4,0.0,0,0.00%,1.76,0,-,-,-,0,8,74,0,-,15.4,0.0,23
Steven Sims,WAS,WR,2019,0,0,0,0,0,0,0,-,-,-,0,0,0,0,0,-,-,-,-,0,0,-,0.0,0.00,0,0,0,-,-,-,-,-,-,0,0,0,-,0,-,0,-,0,-,-,-,0,-,-,0,-,-,-,0,0,0,0,-,0.0,0.0,-
Tarik Cohen,CHI,RB,2017,0,0,0,0,0,0,0,-,-,0.0,0,0,0,0,0,-,-,-,-,0,0,-,0.0,0.00,0,0,0,-,-,0,0,-,0,0,0,0,-,0,-,0,-,0,-,-,-,0,-,-,0,-,-,-,0,0,0,0,-,0.0,0.0,-
Taysom Hill,NO,QB,2017,1,41,41,35,74,190,14,18.9%,-,-,0,0,0,0,0,-,-,-,-,0,0,-,0.0,0.0,5,35,0,0.0%,7.0,-,-,-,-,0,2,2,4.9%,-,100%,-,-,30,15.0,15.0,9.0,1,50.0%,0.73,18,9.5%,0.14,1.67,12,7,65,1,0.88,14.5,7.8,19
Teddy Bridgewater,CAR,QB,2014,1,26,27,17,54,221,48,88.9%,-,-,15,23,176,1,1,65.2%,4.3%,7.7,6.6,185,107,8.0,84.7,2.5,5,30,0,0.0%,6.0,-,-,-,-,0,0,0,0.0%,-,-,-,-,0,-,-,-,0,-,0.00,0,0.0%,0.00,-,0,5,30,0,0.56,12.0,3.0,22
Tee Higgins,CIN,WR,2020,1,35,37,34,73,225,57,78.1%,-,-,0,0,0,0,0,-,-,-,-,0,0,-,0.0,0.00,2,6,0,0.0%,3.0,-,-,-,-,0,6,9,25.7%,0,67%,0,-,78,13.0,8.7,8.8,0,0.0%,2.11,79,35.1%,0.63,0.99,12,8,84,0,1.15,14.4,-3.3,27
Terry McLaurin,WAS,WR,2019,0,0,0,0,0,0,0,-,-,-,0,0,0,0,0,-,-,-,-,0,0,-,0.0,0.00,0,0,0,-,-,-,-,-,-,0,0,0,-,0,-,0,-,0,-,-,-,0,-,-,0,-,-,-,0,0,0,0,-,0.0,0.0,-
Tevin Coleman,SF,RB,2015,1,40,41,25,70,291,6,8.6%,12.0%,1.7,0,0,0,0,0,-,-,-,-,0,0,-,0.0,0.00,3,20,0,0.0%,6.7,0,0,0.0%,0,0,0,0,0.0%,0,-,0,-,0,-,-,-,0,-,0.00,0,0.0%,0.00,-,0,3,20,0,0.29,2.0,0.5,57
Tim Patrick,DEN,WR,2017,0,0,0,0,0,0,0,-,-,-,0,0,0,0,0,-,-,-,-,0,0,-,0.0,0.00,0,0,0,-,-,-,-,-,-,0,0,0,-,0,-,0,-,0,-,-,-,0,-,-,0,-,-,-,0,0,0,0,-,0.0,0.0,-
TJ Hockenson,DET,TE,2019,1,40,42,19,61,398,45,73.8%,-,-,0,0,0,0,0,-,-,-,-,0,0,-,0.0,0.00,0,0,0,-,-,-,-,-,-,0,7,10,25.0%,0,70%,0,-,65,9.3,6.5,6.7,0,0.0%,1.55,67,16.8%,0.49,0.97,36,7,65,0,1.07,13.5,-1.9,5
Todd Gurley,ATL,RB,2015,1,30,30,34,70,258,36,51.4%,52.9%,10.4,0,0,0,0,0,-,-,-,-,0,0,-,0.0,0.00,18,46,1,5.6%,2.6,0,0,0.0%,0,0,0,0,0.0%,0,-,0,-,0,-,-,-,0,-,0.00,0,0.0%,0.00,-,0,18,46,1,0.66,10.6,-1.0,22
Tom Brady,TB,QB,2000,1,40,40,33,0,0,0,-,-,-,28,40,279,2,0,70.00%,5.00%,7.0,8.0,0,0,0.0,106.1,0.0,1,-1,0,0.00%,-1.0,-,-,-,-,0,0,0,0.00%,-,-,-,-,0,-,-,-,0,-,0.00,0,-,-,-,0,1,-1,0,-,19.1,0.0,9
Tony Pollard,DAL,RB,2019,1,38,40,33,79,0,17,21.5%,27.3%,7.2,0,0,0,0,0,-,-,-,-,0,0,-,0.0,0.00,7,40,0,0.0%,5.7,0,0,0.0%,0,0,2,2,5.3%,0,100%,0,-,24,12.0,12.0,0.0,0,0.0%,0.60,0,-,-,-,0,9,64,0,0.81,8.4,0.0,32
Travis Fulgham,PHI,WR,2019,1,26,28,26,63,0,59,93.7%,-,-,0,0,0,0,0,-,-,-,-,0,0,-,0.0,0.00,0,0,0,-,-,-,-,-,-,0,6,7,26.9%,0,86%,0,-,78,13.0,11.1,0.0,1,16.7%,2.79,0,-,-,-,0,6,78,1,1.24,19.8,0.0,14
Travis Homer,SEA,RB,2019,1,36,37,27,68,260,7,10.3%,3.7%,0.6,0,0,0,0,0,-,-,-,-,0,0,-,0.0,0.00,1,4,0,0.0%,4.0,0,0,0.0%,0,0,0,0,0.0%,0,-,0,-,0,-,-,-,0,-,0.00,0,0.0%,0.00,-,0,1,4,0,0.06,0.4,0.0,61
Travis Kelce,KC,TE,2013,1,47,47,27,66,338,50,75.8%,-,-,0,0,0,0,0,-,-,-,-,0,0,-,0.0,0.00,0,0,0,-,-,-,-,-,-,0,8,12,25.5%,0,67%,0,-,109,13.6,9.1,7.0,1,12.5%,2.32,84,24.9%,0.56,1.30,49,8,109,1,1.65,24.9,5.9,1
Tre'Quan Smith,NO,WR,2018,1,41,41,35,74,190,58,78.4%,-,-,0,0,0,0,0,-,-,-,-,0,0,-,0.0,0.00,0,0,0,-,-,-,-,-,-,0,5,7,17.1%,0,71%,0,-,43,8.6,6.1,11.7,0,0.0%,1.05,82,43.2%,0.56,0.52,8,5,43,0,0.58,9.3,-1.7,43
Trent Taylor,SF,WR,2017,1,40,41,25,70,291,35,50.0%,-,-,0,0,0,0,0,-,-,-,-,0,0,-,0.0,0.00,0,0,0,-,-,-,-,-,-,0,3,4,10.0%,0,75%,0,-,32,10.7,8.0,5.0,0,0.0%,0.78,20,6.9%,0.20,1.60,14,3,32,0,0.46,6.2,-0.1,56
Troymaine Pope,LAC,RB,2016,1,41,44,48,87,318,25,28.7%,35.4%,16.9,0,0,0,0,0,-,-,-,-,0,0,-,0.0,0.00,10,67,0,0.0%,6.7,-,-,-,-,0,5,7,17.1%,-,71%,-,-,28,5.6,4.0,-2.4,0,0.0%,0.64,-17,-5.3%,0.22,-1.65,31,15,95,0,1.09,14.5,0.0,14
Tua Tagovailoa,MIA,QB,2020,1,22,22,30,49,118,49,100.0%,-,-,12,22,93,1,0,54.5%,4.5%,4.2,5.1,118,46,5.4,80.3,-16.7,2,0,0,0.0%,0.0,-,-,-,-,1,0,0,0.0%,-,-,-,-,0,-,-,-,0,-,0.00,0,0.0%,0.00,-,0,2,0,0,0.00,5.7,-3.5,28
TY Hilton,IND,WR,2012,1,34,34,46,77,224,28,36.4%,-,-,0,0,0,0,0,-,-,-,-,0,0,-,0.0,0.00,0,0,0,-,-,-,-,-,-,0,2,2,5.9%,0,100%,0,-,9,4.5,4.5,0.5,0,0.0%,0.26,1,0.4%,0.09,9.00,8,2,9,0,0.12,2.9,-0.3,73
Ty Montgomery,NO,RB,2015,0,0,0,0,0,0,0,-,-,0.0,0,0,0,0,0,-,-,-,-,0,0,-,0.0,0.00,0,0,0,-,-,0,0,-,0,0,0,0,-,0,-,0,-,0,-,-,-,0,-,-,0,-,-,-,0,0,0,0,-,0.0,0.0,-
Tyler Boyd,CIN,WR,2016,1,35,37,34,73,225,55,75.3%,-,-,0,0,0,0,0,-,-,-,-,0,0,-,0.0,0.00,2,9,0,0.0%,4.5,-,-,-,-,0,6,7,20.0%,0,86%,0,-,67,11.2,9.6,7.3,1,16.7%,1.81,51,22.7%,0.46,1.31,21,8,76,1,1.04,19.6,6.6,15
Tyler Eifert,JAC,TE,2013,0,0,0,0,0,0,0,-,-,-,0,0,0,0,0,-,-,-,-,0,0,-,0.0,0.00,0,0,0,-,-,-,-,-,-,0,0,0,-,0,-,0,-,0,-,-,-,0,-,-,0,-,-,-,0,0,0,0,-,0.0,0.0,-
Tyler Ervin,GB,RB,2016,1,39,41,30,75,311,20,26.7%,10.0%,4.8,0,0,0,0,0,-,-,-,-,0,0,-,0.0,0.00,0,0,0,-,-,0,0,0.0%,0,0,1,3,7.7%,0,33%,0,-,7,7.0,2.3,-4.0,0,0.0%,0.17,-12,-3.9%,0.09,-0.58,11,1,7,0,0.09,1.7,-2.6,58
Tyler Higbee,LAR,TE,2016,1,58,61,33,95,378,57,60.0%,-,-,0,0,0,0,0,-,-,-,-,0,0,-,0.0,0.00,0,0,0,-,-,-,-,-,-,0,2,4,6.9%,0,50%,0,-,14,7.0,3.5,2.3,0,0.0%,0.23,9,2.4%,0.12,1.56,12,2,14,0,0.15,3.4,,25
Tyler Johnson,TB,WR,2020,1,40,40,33,0,0,0,-,-,-,0,0,0,0,0,-,-,-,-,0,0,-,0.0,0.00,0,0,0,-,-,-,-,-,-,0,2,2,5.00%,0,100%,0,-,35,17.5,17.5,0.0,0,0.00%,0.88,0,-,-,-,0,2,35,0,-,5.5,0.0,61
Tyler Lockett,SEA,WR,2015,1,36,37,27,68,260,59,86.8%,-,-,0,0,0,0,0,-,-,-,-,0,0,-,0.0,0.00,0,0,0,-,-,-,-,-,-,0,4,5,13.9%,0,80%,0,-,33,8.3,6.6,14.4,0,0.0%,0.89,72,27.7%,0.40,0.46,10,4,33,0,0.49,7.3,-2.0,50
Tyreek Hill,KC,WR,2016,1,47,47,27,66,338,50,75.8%,-,-,0,0,0,0,0,-,-,-,-,0,0,-,0.0,0.00,0,0,0,-,-,-,-,-,-,0,4,6,12.8%,0,67%,0,-,98,24.5,16.3,21.7,2,50.0%,2.09,130,38.5%,0.46,0.75,17,4,98,2,1.48,25.8,16.1,5
Tyrod Taylor,LAC,QB,2011,0,0,0,0,0,0,0,-,-,-,0,0,0,0,0,-,-,-,-,0,0,-,0.0,0.0,0,0,0,-,-,-,-,-,-,0,0,0,-,-,-,-,-,0,-,-,-,0,-,-,0,-,-,-,0,0,0,0,-,0.0,0.0,-
Van Jefferson,LAR,WR,2020,1,58,61,33,95,378,14,14.7%,-,-,0,0,0,0,0,-,-,-,-,0,0,-,0.0,0.00,0,0,0,-,-,-,-,-,-,0,2,2,3.4%,0,100%,0,-,23,11.5,11.5,11.5,0,0.0%,0.38,23,6.1%,0.09,1.00,0,2,23,0,0.24,4.3,1.3,66
Will Dissly,SEA,TE,2018,1,36,37,27,68,260,43,63.2%,-,-,0,0,0,0,0,-,-,-,-,0,0,-,0.0,0.00,0,0,0,-,-,-,-,-,-,0,1,1,2.8%,0,100%,0,-,17,17.0,17.0,-3.0,0,0.0%,0.46,-3,-1.2%,0.03,-5.67,20,1,17,0,0.25,2.7,1.1,28
Will Fuller,HOU,WR,2016,0,0,0,0,0,0,0,-,-,-,0,0,0,0,0,-,-,-,-,0,0,-,0.0,0.00,0,0,0,-,-,-,-,-,-,0,0,0,-,0,-,0,-,0,-,-,-,0,-,-,0,-,-,-,0,0,0,0,-,0.0,0.0,-
Willie Snead,BAL,WR,2014,1,26,28,34,82,232,59,72.0%,-,-,0,0,0,0,0,-,-,-,-,0,0,-,0.0,0.00,0,0,0,-,-,-,-,-,-,0,5,7,26.9%,0,71%,0,-,106,21.2,15.1,12.1,0,0.0%,3.79,85,36.6%,0.66,1.25,64,5,106,0,1.29,15.6,5.2,22
Zach Ertz,PHI,TE,2013,0,0,0,0,0,0,0,-,-,-,0,0,0,0,0,-,-,-,-,0,0,-,0.0,0.00,0,0,0,-,-,-,-,-,-,0,0,0,-,0,-,0,-,0,-,-,-,0,-,-,0,-,-,-,0,0,0,0,-,0.0,0.0,-
Zach Pascal,IND,WR,2017,1,34,34,46,77,224,58,75.3%,-,-,0,0,0,0,0,-,-,-,-,13,0,-,39.6,0.00,0,0,0,-,-,-,-,-,-,0,3,6,17.6%,0,50%,0,-,44,14.7,7.3,10.7,0,0.0%,1.29,64,28.6%,0.46,0.69,27,3,44,0,0.57,7.4,-2.6,49
Zack Moss,BUF,RB,2020,1,18,18,30,58,179,31,53.4%,50.0%,9.7,0,0,0,0,0,-,-,-,-,0,0,-,0.0,0.00,14,81,2,14.3%,5.8,0,0,0.0%,0,0,0,1,5.6%,0,0%,0,-,0,-,0.0,2.0,0,-,0.00,2,1.1%,0.09,0.00,0,14,81,2,1.40,20.1,8.6,5